jednostka,2001,2002,2003,2004,2005,2006,2007,2008,2009,2010,2011,2012,2013,2014,2015,2016,2017,2018,1998,1999,2000,2019
POLSKA,3115056.0,3216958.0,3175674.0,2999601.0,2773000.0,2309410.0,1746573.0,1473752.0,1892680.0,1954706.0,1982676.0,2136815.0,2157883.0,1825180.0,1563339.0,1335155.0,1081746.0,968888.0,1831351.0,2349805.0,2702576.0,866374.0
MAŁOPOLSKIE,213093.0,208175.0,208028.0,193579.0,178067.0,145261.0,112602.0,97813.0,130007.0,142221.0,145094.0,161161.0,164434.0,139027.0,119601.0,96531.0,79430.0,71489.0,114491.0,158210.0,185152.0,62610.0
Powiat bocheński,6217.0,5772.0,5616.0,5280.0,4663.0,3438.0,2529.0,2051.0,3192.0,3385.0,3766.0,4458.0,4346.0,3698.0,2792.0,2484.0,2118.0,1863.0,3358.0,4655.0,5406.0,1070.0
Powiat krakowski,12465.0,11591.0,11326.0,10376.0,9244.0,7314.0,5943.0,5423.0,8474.0,9868.0,9204.0,9778.0,9872.0,8045.0,6531.0,5870.0,4954.0,4519.0,16323.0,27232.0,10713.0,3942.0
Powiat miechowski,3037.0,3098.0,3222.0,2911.0,2675.0,2218.0,1632.0,1415.0,1835.0,2006.0,2378.0,2433.0,2534.0,2010.0,1872.0,1397.0,1162.0,945.0,1509.0,2254.0,2741.0,814.0
Powiat myślenicki,7361.0,7468.0,7607.0,7174.0,6416.0,4656.0,3431.0,3523.0,5180.0,5788.0,6051.0,6510.0,6320.0,4879.0,3473.0,2293.0,1454.0,1312.0,3518.0,5165.0,6580.0,1195.0
Powiat proszowicki,2622.0,2558.0,2472.0,2342.0,2193.0,1895.0,1464.0,1548.0,1958.0,2207.0,2140.0,2340.0,2408.0,2064.0,1736.0,1481.0,1318.0,1139.0,1221.0,1891.0,2340.0,825.0
Powiat wielicki,5931.0,6230.0,6169.0,5765.0,5132.0,3924.0,2894.0,2194.0,3474.0,3919.0,4239.0,4676.0,4947.0,3764.0,3177.0,2880.0,2275.0,2221.0,2442.0,3898.0,5113.0,2025.0
Powiat m.Kraków,29746.0,30132.0,29926.0,26905.0,25324.0,20308.0,14407.0,10628.0,16021.0,18722.0,19400.0,23863.0,24685.0,21948.0,19607.0,16213.0,12959.0,11467.0,,,24454.0,9899.0
Powiat gorlicki,12036.0,11650.0,11699.0,10971.0,10276.0,9545.0,7031.0,5690.0,6534.0,6446.0,5870.0,6263.0,6901.0,5749.0,5182.0,3818.0,2859.0,2478.0,8184.0,10138.0,11004.0,2140.0
Powiat limanowski,11894.0,11391.0,11558.0,11235.0,10109.0,8701.0,7403.0,7068.0,8890.0,9530.0,10135.0,10460.0,10569.0,8815.0,7549.0,5444.0,4607.0,4198.0,8395.0,9968.0,10896.0,3844.0
Powiat nowosądecki,20511.0,19995.0,19803.0,19315.0,16854.0,13548.0,11253.0,8629.0,11143.0,12642.0,12726.0,13375.0,13298.0,10920.0,10136.0,7592.0,6461.0,6154.0,16119.0,20722.0,17414.0,5981.0
Powiat m.Nowy Sącz,7364.0,7452.0,7539.0,7407.0,6737.0,5737.0,4094.0,3648.0,4412.0,4366.0,4485.0,4928.0,4833.0,3987.0,3463.0,2877.0,1919.0,1502.0,,,6168.0,1270.0
Powiat chrzanowski,8500.0,9358.0,10159.0,9631.0,8808.0,6758.0,5402.0,4217.0,5343.0,5896.0,5664.0,6681.0,6994.0,5700.0,4851.0,4294.0,3553.0,3303.0,3946.0,6239.0,7308.0,2663.0
Powiat olkuski,10547.0,9963.0,9768.0,8717.0,8025.0,7060.0,5731.0,4977.0,6344.0,6618.0,7070.0,7592.0,7157.0,6465.0,5740.0,4127.0,3846.0,3469.0,5740.0,8092.0,9764.0,3286.0
Powiat oświęcimski,10886.0,10738.0,10866.0,10028.0,9316.0,7734.0,5603.0,4751.0,5728.0,6531.0,6673.0,7117.0,7153.0,5768.0,4737.0,3920.0,3121.0,2900.0,5507.0,7627.0,9091.0,2653.0
Powiat wadowicki,10880.0,10325.0,10186.0,8959.0,8866.0,7441.0,5120.0,4689.0,6664.0,6897.0,7148.0,7901.0,7731.0,6429.0,5102.0,3544.0,3329.0,3160.0,6279.0,8329.0,9502.0,2913.0
Powiat brzeski,6939.0,6769.0,6527.0,5852.0,5508.0,4567.0,3864.0,3474.0,4314.0,4133.0,4186.0,4460.0,4864.0,4071.0,3712.0,2861.0,2337.0,1912.0,4116.0,5555.0,6066.0,1693.0
Powiat dąbrowski,5787.0,5744.0,5473.0,5140.0,4918.0,4555.0,4104.0,3920.0,4654.0,4675.0,4859.0,4919.0,5079.0,4114.0,3850.0,3263.0,2820.0,2550.0,4335.0,4951.0,5492.0,2368.0
Powiat tarnowski,13602.0,12464.0,12840.0,12006.0,11373.0,8905.0,6949.0,6461.0,8676.0,9237.0,9423.0,10714.0,11006.0,9592.0,8167.0,6689.0,5639.0,5088.0,13184.0,16870.0,12202.0,4064.0
Powiat m.Tarnów,7687.0,7073.0,7139.0,6825.0,6416.0,4890.0,3724.0,4026.0,5205.0,5358.0,5334.0,6094.0,5883.0,5363.0,4571.0,4000.0,3340.0,2933.0,,,6775.0,2334.0
Powiat nowotarski,10930.0,9998.0,9692.0,8671.0,8321.0,6587.0,5603.0,5418.0,6576.0,7942.0,7847.0,9114.0,9939.0,8752.0,7078.0,6368.0,4727.0,4036.0,6010.0,8874.0,9433.0,3710.0
Powiat suski,4853.0,4920.0,4926.0,4694.0,3638.0,2682.0,2446.0,2189.0,3034.0,3248.0,3321.0,3879.0,4027.0,3215.0,2601.0,1797.0,1579.0,1560.0,2873.0,3612.0,4020.0,1576.0
Powiat tatrzański,3298.0,3486.0,3515.0,3375.0,3255.0,2798.0,1975.0,1874.0,2356.0,2807.0,3175.0,3606.0,3888.0,3679.0,3674.0,3319.0,3053.0,2780.0,1432.0,2138.0,2670.0,2345.0
ŚLĄSKIE,313353.0,330150.0,325516.0,309704.0,281280.0,229819.0,165960.0,122748.0,168425.0,181198.0,186187.0,205459.0,208296.0,175675.0,148508.0,119981.0,94687.0,80079.0,150174.0,210253.0,259790.0,66521.0
Powiat bielski,8318.0,7823.0,7603.0,7167.0,6540.0,5201.0,3635.0,3498.0,4678.0,4799.0,5252.0,6030.0,5816.0,4827.0,4095.0,3034.0,2363.0,1942.0,7445.0,10822.0,6356.0,1746.0
Powiat cieszyński,10345.0,10199.0,10059.0,9912.0,8884.0,7529.0,5585.0,4478.0,5987.0,6782.0,7034.0,7458.0,7711.0,6549.0,5048.0,4297.0,3768.0,3330.0,4044.0,6332.0,8442.0,3073.0
Powiat żywiecki,9555.0,8941.0,8187.0,8354.0,7801.0,5797.0,3933.0,4329.0,6750.0,7278.0,7430.0,8696.0,8347.0,6709.0,5428.0,4514.0,3711.0,3639.0,5746.0,7060.0,8188.0,3304.0
Powiat m.Bielsko-Biała,9770.0,9497.0,9191.0,8707.0,8111.0,6503.0,4789.0,4431.0,5466.0,5720.0,6011.0,6564.0,6277.0,5216.0,4433.0,3230.0,2463.0,2058.0,,,7792.0,1830.0
Powiat lubliniecki,4195.0,4210.0,3939.0,3617.0,3648.0,2919.0,2405.0,2171.0,2897.0,3346.0,3478.0,3546.0,3641.0,3007.0,2567.0,2307.0,1830.0,1686.0,2469.0,3274.0,3846.0,1455.0
Powiat tarnogórski,7928.0,8510.0,8289.0,7796.0,7306.0,5875.0,4368.0,3551.0,4872.0,5335.0,5351.0,5958.0,6078.0,5225.0,4686.0,4087.0,3318.0,2804.0,5341.0,8161.0,7050.0,2483.0
Powiat m.Bytom,16031.0,17775.0,17853.0,16912.0,15186.0,12341.0,8935.0,6791.0,9315.0,9879.0,10707.0,10966.0,11571.0,10387.0,9147.0,7483.0,5288.0,4406.0,7849.0,11358.0,13353.0,3780.0
Powiat m.Piekary Śląskie,3639.0,4499.0,4653.0,4417.0,3879.0,3230.0,2645.0,1740.0,2422.0,2695.0,2676.0,2948.0,2916.0,2383.0,2109.0,1614.0,1224.0,1097.0,,,3157.0,970.0
Powiat częstochowski,9871.0,9911.0,10004.0,10193.0,9471.0,8568.0,6417.0,5524.0,6782.0,7514.0,8113.0,9090.0,9805.0,8160.0,6464.0,4778.0,3716.0,3123.0,15287.0,19837.0,8973.0,2678.0
Powiat kłobucki,6183.0,5781.0,5618.0,5366.0,5078.0,4106.0,3278.0,2382.0,3324.0,3899.0,4268.0,4679.0,4943.0,4183.0,3751.0,3001.0,2432.0,2448.0,3924.0,4962.0,5568.0,2131.0
Powiat myszkowski,6308.0,6271.0,6541.0,6171.0,5351.0,4869.0,4011.0,3764.0,4446.0,4385.0,4760.0,5005.0,5134.0,4071.0,3305.0,2698.0,1988.0,1589.0,2285.0,4201.0,4824.0,1428.0
Powiat m.Częstochowa,17600.0,18428.0,18410.0,18257.0,17142.0,15121.0,10920.0,8682.0,11383.0,13220.0,13909.0,15455.0,15492.0,12232.0,9078.0,6766.0,4967.0,4060.0,,,14959.0,3228.0
Powiat gliwicki,6060.0,6170.0,6216.0,5905.0,5710.0,4278.0,2791.0,2153.0,3099.0,3435.0,3401.0,3817.0,3945.0,3443.0,3100.0,2522.0,2133.0,1818.0,7839.0,11722.0,5188.0,1355.0
Powiat m.Gliwice,12499.0,13301.0,13049.0,12611.0,11506.0,8685.0,5933.0,4249.0,6310.0,6559.0,6407.0,7293.0,7593.0,6702.0,5812.0,4520.0,3814.0,3371.0,,,10637.0,2454.0
Powiat m.Zabrze,15341.0,15264.0,15271.0,15148.0,13375.0,11739.0,7897.0,5500.0,7206.0,7722.0,7751.0,8321.0,8522.0,7399.0,5910.0,4304.0,3651.0,3110.0,7977.0,10142.0,13164.0,2567.0
Powiat m.Chorzów,9899.0,10782.0,11141.0,10620.0,9899.0,7946.0,5190.0,3322.0,4627.0,4676.0,4459.0,4754.0,4955.0,4135.0,3665.0,3060.0,2444.0,1878.0,7372.0,10196.0,8161.0,1377.0
Powiat m.Katowice,14748.0,16970.0,16735.0,15258.0,14146.0,10810.0,6826.0,3831.0,6618.0,7681.0,8786.0,10834.0,11332.0,9878.0,8093.0,5970.0,4737.0,3579.0,5310.0,8181.0,11037.0,2233.0
Powiat m.Mysłowice,5004.0,5376.0,5571.0,5125.0,4518.0,3615.0,2700.0,2103.0,2489.0,2659.0,2449.0,2828.0,2807.0,2571.0,2186.0,1673.0,1593.0,1400.0,2568.0,3321.0,4117.0,1230.0
Powiat m.Ruda Śląska,8758.0,9346.0,8205.0,7469.0,6611.0,5115.0,3196.0,2366.0,3441.0,3923.0,3828.0,4242.0,4392.0,3634.0,3077.0,2335.0,1743.0,1275.0,5843.0,8787.0,7290.0,1151.0
Powiat m.Siemianowice Śląskie,6134.0,6600.0,7180.0,6195.0,5190.0,3961.0,2789.0,2120.0,2790.0,2582.0,3022.0,3017.0,3213.0,2844.0,2464.0,1675.0,1364.0,1145.0,,,4663.0,888.0
Powiat m.Świętochłowice,4268.0,4703.0,4622.0,4559.0,3847.0,3062.0,1743.0,1249.0,1995.0,2338.0,2262.0,2454.0,2494.0,1841.0,1487.0,1219.0,986.0,879.0,,,3589.0,666.0
Powiat raciborski,5073.0,5425.0,5184.0,4668.0,4342.0,3265.0,2163.0,1851.0,2554.0,2896.0,2794.0,3039.0,3126.0,2745.0,2489.0,2302.0,2027.0,1657.0,2160.0,3342.0,4076.0,1638.0
Powiat rybnicki,3284.0,3499.0,3733.0,3446.0,3121.0,2512.0,1499.0,1114.0,1738.0,1943.0,2053.0,2135.0,2288.0,1950.0,1743.0,1602.0,1230.0,1011.0,5033.0,7585.0,2739.0,851.0
Powiat wodzisławski,8361.0,8780.0,9457.0,8602.0,7882.0,6979.0,5263.0,3482.0,4969.0,4878.0,5376.0,5449.0,5658.0,5069.0,4588.0,3813.0,2870.0,2289.0,4235.0,6022.0,7655.0,2316.0
Powiat m.Jastrzębie-Zdrój,7250.0,7767.0,7854.0,7099.0,6296.0,5340.0,4143.0,2740.0,3312.0,3826.0,3726.0,3775.0,4170.0,3604.0,3151.0,2537.0,1851.0,1487.0,4498.0,5803.0,6104.0,1461.0
Powiat m.Rybnik,8123.0,8570.0,8460.0,8053.0,7248.0,5260.0,3624.0,2585.0,3882.0,4356.0,4409.0,4632.0,4792.0,4237.0,3844.0,3248.0,2418.0,1936.0,,,7459.0,1650.0
Powiat m.Żory,5046.0,4926.0,4776.0,4332.0,3659.0,2748.0,1861.0,1361.0,1895.0,2100.0,1797.0,2002.0,1956.0,1796.0,1545.0,1244.0,897.0,671.0,3090.0,4400.0,4839.0,695.0
Powiat będziński,11558.0,13173.0,13101.0,12558.0,11851.0,10090.0,7679.0,4935.0,6573.0,7064.0,7110.0,7993.0,8264.0,7133.0,6538.0,5614.0,4347.0,3713.0,5384.0,7632.0,9293.0,2439.0
Powiat zawierciański,12380.0,12671.0,12107.0,11742.0,10868.0,9859.0,8491.0,5909.0,7799.0,7460.0,7328.0,7887.0,7581.0,6118.0,5555.0,4566.0,3640.0,3031.0,7380.0,9674.0,10934.0,2358.0
Powiat m.Dąbrowa Górnicza,11114.0,12300.0,12687.0,12138.0,10846.0,9193.0,6906.0,4195.0,6131.0,6054.0,6299.0,7166.0,6925.0,5991.0,5104.0,4488.0,3385.0,2878.0,5892.0,7486.0,9077.0,2144.0
Powiat m.Jaworzno,7436.0,7884.0,7785.0,7228.0,5901.0,4770.0,3968.0,2694.0,3377.0,3240.0,3001.0,3449.0,3206.0,2737.0,2077.0,1779.0,1500.0,1315.0,2937.0,4323.0,5604.0,1213.0
Powiat m.Sosnowiec,19362.0,22079.0,20231.0,19692.0,17216.0,13167.0,9854.0,7400.0,10224.0,10588.0,10299.0,11555.0,10948.0,9313.0,8061.0,7070.0,5690.0,4611.0,9448.0,12699.0,14871.0,3718.0
Powiat mikołowski,4810.0,5465.0,5411.0,5131.0,4658.0,4677.0,3324.0,1716.0,2220.0,2643.0,2780.0,3196.0,3273.0,2703.0,2302.0,1637.0,1330.0,1290.0,,,3664.0,1129.0
Powiat pszczyński,5012.0,5783.0,5774.0,5348.0,5063.0,3761.0,2762.0,1564.0,2492.0,2699.0,2997.0,3339.0,3321.0,2599.0,2268.0,1989.0,1581.0,1400.0,1749.0,3183.0,3964.0,1189.0
Powiat bieruńsko-lędziński,3121.0,2965.0,2811.0,2725.0,2495.0,1961.0,1346.0,754.0,1140.0,1283.0,1306.0,1580.0,1611.0,1225.0,967.0,850.0,663.0,559.0,7069.0,9748.0,2261.0,448.0
Powiat m.Tychy,8969.0,8506.0,7808.0,7183.0,6635.0,4967.0,3091.0,2214.0,3222.0,3741.0,3558.0,4307.0,4193.0,3059.0,2371.0,2155.0,1725.0,1594.0,,,6896.0,1245.0
LUBUSKIE,102187.0,109551.0,108026.0,99389.0,89151.0,72816.0,52293.0,46311.0,61062.0,59225.0,59134.0,60614.0,59805.0,47115.0,39348.0,32367.0,24605.0,22201.0,54227.0,74740.0,89139.0,18498.0
Powiat gorzowski,5574.0,6423.0,6545.0,6041.0,4762.0,3478.0,2275.0,1755.0,2782.0,2792.0,3111.0,3020.0,3194.0,2155.0,2002.0,1751.0,1207.0,1118.0,6256.0,,5021.0,947.0
Powiat międzyrzecki,6393.0,6785.0,6651.0,5984.0,5594.0,4725.0,3848.0,3473.0,4584.0,4713.0,4587.0,4873.0,5085.0,3981.0,3295.0,3140.0,2688.0,2462.0,3366.0,4169.0,5383.0,1883.0
Powiat słubicki,4875.0,4967.0,4953.0,4776.0,4452.0,3786.0,2781.0,2439.0,3581.0,3242.0,2356.0,2154.0,2110.0,1257.0,989.0,681.0,511.0,413.0,3017.0,3395.0,4223.0,415.0
Powiat strzelecko-drezdenecki,6484.0,6518.0,6816.0,6456.0,6042.0,5017.0,4000.0,3846.0,4570.0,4355.0,4637.0,4903.0,4777.0,3600.0,3104.0,2629.0,1980.0,1902.0,3524.0,4676.0,5356.0,1686.0
Powiat sulęciński,4233.0,4272.0,4013.0,3555.0,2911.0,2426.0,1652.0,1262.0,1855.0,1751.0,1735.0,1848.0,1782.0,1534.0,1336.0,1102.0,788.0,740.0,1947.0,2598.0,3559.0,666.0
Powiat m.Gorzów Wielkopolski,9005.0,10555.0,10573.0,9898.0,8175.0,4854.0,3330.0,2370.0,4443.0,4546.0,5332.0,5250.0,4898.0,3378.0,2918.0,2230.0,1508.0,1482.0,,10306.0,7739.0,1296.0
Powiat krośnieński,8029.0,8157.0,7664.0,7163.0,6715.0,6185.0,5055.0,4694.0,4988.0,4580.0,4363.0,4373.0,4248.0,3250.0,2933.0,2430.0,1938.0,1619.0,4796.0,6133.0,6796.0,1392.0
Powiat nowosolski,15989.0,12241.0,11847.0,11421.0,10672.0,8904.0,6129.0,5977.0,7838.0,7497.0,6958.0,7301.0,7539.0,5973.0,5058.0,3998.0,2909.0,2334.0,9558.0,12669.0,14120.0,1664.0
Powiat świebodziński,4305.0,4858.0,4581.0,4211.0,3681.0,3022.0,1674.0,1861.0,2393.0,2100.0,2359.0,2955.0,3124.0,2386.0,2143.0,1798.0,1273.0,1109.0,1709.0,2764.0,3656.0,890.0
Powiat zielonogórski,8204.0,9354.0,9182.0,7775.0,6931.0,5899.0,3739.0,2847.0,4346.0,4213.0,4583.0,4945.0,4698.0,4262.0,2893.0,2325.0,1788.0,1722.0,7741.0,,7084.0,1475.0
Powiat żagański,10400.0,10833.0,10838.0,9670.0,9036.0,8097.0,6323.0,5693.0,6706.0,6686.0,6023.0,5851.0,5986.0,4932.0,3846.0,3059.0,2398.0,1957.0,5950.0,7715.0,9410.0,1803.0
Powiat żarski,11639.0,12358.0,11813.0,11465.0,10409.0,8249.0,5607.0,5361.0,6510.0,5975.0,5959.0,5875.0,5547.0,4351.0,3223.0,2745.0,2121.0,1943.0,6363.0,8525.0,10177.0,1695.0
Powiat wschowski,,3959.0,3907.0,3700.0,3081.0,2499.0,1874.0,1985.0,2103.0,2246.0,2252.0,2440.0,2285.0,1812.0,1605.0,1485.0,1228.0,1119.0,,,,1022.0
Powiat m.Zielona Góra,7057.0,8271.0,8643.0,7274.0,6690.0,5675.0,4006.0,2748.0,4363.0,4529.0,4879.0,4826.0,4532.0,4244.0,4003.0,2994.0,2268.0,2281.0,,11790.0,6615.0,1664.0
WIELKOPOLSKIE,237268.0,249238.0,247869.0,232251.0,211420.0,169089.0,112827.0,91441.0,133563.0,135172.0,134954.0,147902.0,144832.0,116410.0,93311.0,77697.0,58857.0,50867.0,121491.0,164639.0,193326.0,46313.0
Powiat jarociński,6969.0,7057.0,7148.0,6500.0,6121.0,5041.0,3379.0,2571.0,3732.0,4010.0,3309.0,3652.0,3614.0,2863.0,2379.0,1536.0,1241.0,1032.0,3711.0,5019.0,5902.0,1012.0
Powiat kaliski,6021.0,5820.0,5895.0,5559.0,5144.0,4588.0,2442.0,1750.0,2536.0,2493.0,2497.0,2654.0,2585.0,2107.0,1623.0,1319.0,905.0,742.0,7860.0,10894.0,5354.0,691.0
Powiat kępiński,3334.0,3196.0,3168.0,2148.0,1975.0,1330.0,802.0,785.0,1192.0,1470.0,1714.0,1570.0,1392.0,972.0,772.0,659.0,606.0,585.0,1519.0,2128.0,2842.0,523.0
Powiat krotoszyński,7078.0,6969.0,6913.0,5931.0,5398.0,4575.0,2937.0,3292.0,3679.0,3382.0,3382.0,3320.0,3168.0,2837.0,1948.0,1614.0,1304.0,1161.0,3980.0,5264.0,6120.0,1019.0
Powiat ostrowski,13916.0,14504.0,14062.0,12752.0,11783.0,8884.0,6019.0,5057.0,8167.0,7442.0,6536.0,7042.0,6628.0,5161.0,3962.0,3140.0,2166.0,2010.0,8886.0,10872.0,11882.0,1854.0
Powiat ostrzeszowski,3977.0,3939.0,3709.0,3122.0,2622.0,1766.0,1446.0,1184.0,2215.0,2234.0,2482.0,2531.0,2561.0,2096.0,1628.0,1362.0,1095.0,1067.0,2630.0,3181.0,3340.0,983.0
Powiat pleszewski,6742.0,6790.0,6249.0,6180.0,5996.0,4789.0,3247.0,2374.0,3130.0,3225.0,3113.0,3231.0,3406.0,2349.0,1652.0,1332.0,911.0,895.0,4844.0,5714.0,6254.0,983.0
Powiat m.Kalisz,8161.0,8037.0,8044.0,7146.0,6174.0,5491.0,3436.0,2714.0,3976.0,4100.0,3743.0,4057.0,4011.0,3298.0,2598.0,2207.0,1498.0,1265.0,,,7277.0,1251.0
Powiat gnieźnieński,11470.0,13149.0,12885.0,12737.0,11075.0,8996.0,5936.0,4996.0,5999.0,6386.0,6802.0,7561.0,7762.0,6172.0,4705.0,3849.0,3102.0,2357.0,6284.0,7597.0,9445.0,1802.0
Powiat kolski,10324.0,10239.0,9800.0,9064.0,8708.0,7080.0,5690.0,4315.0,5436.0,4878.0,5200.0,5345.0,5553.0,4945.0,4286.0,3304.0,1989.0,1413.0,6829.0,8538.0,9059.0,1283.0
Powiat koniński,13171.0,13110.0,13085.0,12915.0,12194.0,10289.0,8440.0,5532.0,7214.0,7928.0,7780.0,8476.0,8667.0,7816.0,6942.0,6561.0,5038.0,3935.0,13716.0,17146.0,11600.0,3796.0
Powiat słupecki,6494.0,6336.0,6389.0,6045.0,5706.0,4790.0,3541.0,3066.0,3823.0,3868.0,3958.0,4122.0,4256.0,3404.0,2557.0,2160.0,1848.0,1753.0,4975.0,5551.0,5652.0,1536.0
Powiat turecki,8956.0,8107.0,8317.0,8265.0,7727.0,6142.0,2781.0,3138.0,4175.0,4203.0,4059.0,4349.0,3965.0,3315.0,2585.0,1933.0,1607.0,1637.0,6130.0,7647.0,8127.0,1381.0
Powiat wrzesiński,5463.0,6486.0,6794.0,6438.0,6113.0,5092.0,3306.0,3063.0,4301.0,3934.0,3999.0,4406.0,4756.0,3881.0,2908.0,2062.0,1145.0,1154.0,2486.0,3646.0,4394.0,1131.0
Powiat m.Konin,7845.0,7507.0,7584.0,7016.0,6533.0,5327.0,4112.0,3128.0,4354.0,5011.0,4724.0,4987.0,5057.0,4406.0,3942.0,3642.0,2665.0,2225.0,,,6932.0,1972.0
Powiat gostyński,6210.0,6866.0,6577.0,6129.0,5737.0,4952.0,3801.0,3361.0,3930.0,3930.0,3922.0,3941.0,3818.0,3356.0,2635.0,2347.0,1984.0,1816.0,3831.0,4910.0,5220.0,1651.0
Powiat grodziski,2557.0,2673.0,2668.0,2170.0,2006.0,1479.0,1115.0,935.0,1796.0,1748.0,1985.0,2377.0,2031.0,1745.0,1455.0,1168.0,1006.0,943.0,1037.0,1776.0,2223.0,763.0
Powiat kościański,4618.0,4823.0,4809.0,4779.0,4182.0,2826.0,1671.0,1444.0,2584.0,2495.0,2415.0,2705.0,2519.0,1884.0,1637.0,1397.0,1024.0,890.0,1146.0,2285.0,3200.0,808.0
Powiat leszczyński,2993.0,3086.0,3153.0,2982.0,2520.0,1908.0,1324.0,1125.0,1728.0,1890.0,1804.0,1921.0,1795.0,1367.0,1126.0,966.0,736.0,693.0,3067.0,4414.0,2338.0,621.0
Powiat międzychodzki,2723.0,3137.0,3304.0,3231.0,2527.0,2173.0,1303.0,764.0,1285.0,1177.0,1188.0,1534.0,1459.0,992.0,873.0,667.0,577.0,575.0,1425.0,1718.0,2336.0,552.0
Powiat nowotomyski,4438.0,4565.0,4378.0,4148.0,3654.0,2548.0,1297.0,1181.0,1969.0,1837.0,1891.0,2214.0,1979.0,1388.0,1219.0,959.0,714.0,688.0,1412.0,2439.0,3245.0,689.0
Powiat rawicki,3628.0,3758.0,3636.0,3258.0,3024.0,2448.0,1929.0,2031.0,3172.0,2999.0,2759.0,2762.0,2749.0,2278.0,1758.0,1476.0,1267.0,1030.0,2541.0,2962.0,3118.0,988.0
Powiat wolsztyński,3256.0,3314.0,3264.0,2521.0,2347.0,1691.0,860.0,953.0,1694.0,1630.0,1566.0,1777.0,1542.0,1233.0,1049.0,716.0,488.0,410.0,1528.0,2172.0,2820.0,458.0
Powiat m.Leszno,4008.0,4428.0,4263.0,3968.0,3214.0,2515.0,1830.0,1596.0,2556.0,2744.0,2515.0,2757.0,2781.0,2154.0,1833.0,1561.0,1286.0,1187.0,,,3164.0,1054.0
Powiat chodzieski,4983.0,4813.0,4778.0,4555.0,4253.0,3190.0,2114.0,2175.0,2853.0,2957.0,3086.0,3226.0,3113.0,2564.0,2072.0,1935.0,1482.0,1326.0,2160.0,3310.0,4289.0,1402.0
Powiat czarnkowsko-trzcianecki,9099.0,9609.0,9238.0,7983.0,7162.0,5732.0,3715.0,3778.0,5253.0,4868.0,4783.0,4877.0,4715.0,3840.0,2705.0,2273.0,1609.0,1435.0,4380.0,5971.0,7272.0,1369.0
Powiat pilski,11170.0,11014.0,11358.0,10568.0,9114.0,7228.0,5382.0,3975.0,5974.0,5984.0,6429.0,7451.0,6795.0,5360.0,4227.0,3690.0,2829.0,2429.0,5657.0,8041.0,8528.0,2349.0
Powiat wągrowiecki,7169.0,6960.0,6782.0,6399.0,5771.0,4726.0,3738.0,2791.0,4168.0,4504.0,4888.0,5338.0,5185.0,3761.0,2498.0,2032.0,1513.0,1360.0,3362.0,4770.0,5967.0,1074.0
Powiat złotowski,7880.0,7944.0,7258.0,6578.0,6045.0,4667.0,3616.0,3772.0,4585.0,4626.0,4621.0,4719.0,4432.0,3935.0,3538.0,2934.0,2578.0,2237.0,5162.0,6334.0,7147.0,1861.0
Powiat obornicki,4350.0,4902.0,4864.0,4605.0,3922.0,2859.0,1701.0,1179.0,2034.0,2177.0,2261.0,2664.0,2587.0,1962.0,1492.0,1385.0,853.0,766.0,1481.0,2423.0,3185.0,623.0
Powiat poznański,8940.0,11265.0,11433.0,11361.0,10593.0,8189.0,4332.0,2330.0,4846.0,5028.0,5383.0,7123.0,7152.0,5606.0,4720.0,4058.0,3249.0,2620.0,4724.0,10581.0,5377.0,2152.0
Powiat szamotulski,4834.0,5280.0,5566.0,5438.0,5341.0,4186.0,2757.0,2290.0,3803.0,3733.0,3611.0,3915.0,3481.0,2555.0,2235.0,1765.0,1415.0,1181.0,1746.0,2727.0,3424.0,962.0
Powiat średzki,3714.0,3937.0,4605.0,4716.0,4062.0,3381.0,2193.0,2077.0,3130.0,3104.0,3042.0,3247.0,3458.0,2878.0,2530.0,2202.0,1485.0,1391.0,1657.0,2515.0,2901.0,1521.0
Powiat śremski,3715.0,3893.0,4003.0,3500.0,3052.0,2408.0,1333.0,1107.0,2096.0,1977.0,1927.0,2365.0,2330.0,1580.0,1258.0,908.0,594.0,445.0,1325.0,2094.0,2442.0,462.0
Powiat m.Poznań,17062.0,21725.0,21890.0,21544.0,19625.0,15803.0,9302.0,5612.0,10178.0,11200.0,11580.0,13686.0,13530.0,10350.0,7964.0,6578.0,5048.0,4214.0,,,10950.0,3737.0
ZACHODNIOPOMORSKIE,175341.0,189643.0,190864.0,182692.0,168814.0,138866.0,103241.0,82520.0,105905.0,109964.0,108904.0,112521.0,111063.0,94465.0,79393.0,65842.0,52599.0,46002.0,100644.0,130908.0,150084.0,41771.0
Powiat białogardzki,7626.0,7528.0,7599.0,7554.0,6579.0,6648.0,5877.0,5196.0,5064.0,5395.0,4779.0,4840.0,5017.0,4470.0,4087.0,3483.0,2886.0,2760.0,5429.0,6609.0,6894.0,2518.0
Powiat kołobrzeski,7150.0,7592.0,7526.0,6690.0,5831.0,4589.0,3658.0,2921.0,3590.0,3680.0,3507.0,3308.0,3673.0,3208.0,2490.0,2212.0,1342.0,719.0,4395.0,6242.0,6123.0,347.0
Powiat koszaliński,8731.0,9032.0,9160.0,8968.0,8240.0,6843.0,5145.0,4225.0,5121.0,5509.0,5483.0,5740.0,5925.0,4899.0,4208.0,3321.0,2709.0,2476.0,5077.0,6950.0,7474.0,2337.0
Powiat sławieński,9169.0,9151.0,8771.0,8214.0,7171.0,6077.0,3993.0,2921.0,3761.0,4231.0,4575.0,5205.0,4747.0,4158.0,3683.0,3277.0,2820.0,2540.0,6704.0,7976.0,8726.0,2364.0
Powiat m.Koszalin,9877.0,10340.0,10479.0,10313.0,9248.0,7312.0,5429.0,3880.0,5020.0,5384.0,5510.0,6037.0,5928.0,5053.0,4166.0,3394.0,2682.0,2514.0,5549.0,7116.0,8155.0,2202.0
Powiat choszczeński,6620.0,7183.0,6784.0,6159.0,5831.0,4637.0,3947.0,3257.0,4418.0,3952.0,4072.0,4371.0,4412.0,3567.0,3350.0,2924.0,2455.0,2253.0,4151.0,5721.0,6059.0,2167.0
Powiat drawski,9132.0,8701.0,8560.0,8676.0,8024.0,7072.0,5741.0,4767.0,5751.0,5365.0,5451.0,5030.0,5198.0,4705.0,4389.0,3501.0,3319.0,2499.0,5862.0,7399.0,8280.0,2339.0
Powiat myśliborski,8020.0,8218.0,8551.0,7620.0,7118.0,4655.0,3601.0,3006.0,3747.0,3751.0,3662.0,4097.0,4131.0,3257.0,2528.0,2269.0,1890.0,1654.0,4471.0,6195.0,7203.0,1397.0
Powiat pyrzycki,5003.0,5379.0,5387.0,5137.0,4525.0,3841.0,3064.0,2774.0,3810.0,3709.0,3617.0,3680.0,3615.0,2919.0,2453.0,2011.0,1548.0,1410.0,2887.0,3739.0,4399.0,1245.0
Powiat szczecinecki,12012.0,11939.0,11941.0,11278.0,10578.0,9041.0,7142.0,6483.0,7303.0,7298.0,7461.0,7390.0,7326.0,6562.0,5762.0,5183.0,4198.0,3861.0,8320.0,9974.0,10714.0,3674.0
Powiat świdwiński,7904.0,7691.0,7145.0,7330.0,6939.0,5903.0,4898.0,3706.0,3966.0,4380.0,4296.0,4150.0,4255.0,3707.0,3225.0,2581.0,2346.0,2063.0,5574.0,6619.0,7017.0,1714.0
Powiat wałecki,6546.0,6965.0,6758.0,6635.0,5972.0,4255.0,3175.0,2755.0,3475.0,3444.0,3448.0,3739.0,3507.0,2859.0,2429.0,2042.0,1580.0,1385.0,3617.0,4939.0,5762.0,1353.0
Powiat łobeski,,5922.0,5607.0,5563.0,5436.0,4310.0,3312.0,2580.0,3550.0,3223.0,3489.0,3432.0,3270.0,2836.0,2645.0,2576.0,2297.0,2153.0,,,,2032.0
Powiat m.Szczecin,21420.0,28162.0,29423.0,27605.0,25484.0,21550.0,11474.0,7394.0,14316.0,16500.0,16942.0,19143.0,18478.0,16195.0,11627.0,8100.0,5539.0,4576.0,6837.0,11637.0,16365.0,4274.0
Powiat goleniowski,8897.0,8712.0,8588.0,8444.0,7964.0,5822.0,4379.0,4172.0,5320.0,5439.0,4896.0,4893.0,4088.0,3228.0,2762.0,2531.0,1951.0,1803.0,5389.0,6549.0,7321.0,1727.0
Powiat gryficki,10776.0,9455.0,9581.0,8965.0,8595.0,7720.0,5854.0,4946.0,5303.0,5248.0,5290.0,5289.0,5477.0,4638.0,4173.0,3053.0,2137.0,1672.0,7410.0,8916.0,9625.0,1449.0
Powiat gryfiński,8538.0,9848.0,10354.0,9662.0,8717.0,6882.0,5311.0,4410.0,5478.0,5805.0,5375.0,5502.0,5538.0,4526.0,3721.0,3440.0,2724.0,2397.0,3890.0,5124.0,6940.0,1882.0
Powiat kamieński,5707.0,6109.0,6225.0,6139.0,5926.0,5120.0,3904.0,3716.0,3931.0,4269.0,3951.0,4013.0,3931.0,3314.0,3104.0,3010.0,2573.0,2316.0,3132.0,4181.0,5080.0,2168.0
Powiat policki,3926.0,4932.0,5321.0,5280.0,4980.0,4072.0,3262.0,2963.0,3857.0,4138.0,4022.0,3823.0,3740.0,2794.0,2428.0,2113.0,1622.0,1387.0,1195.0,1616.0,2717.0,1260.0
Powiat stargardzki,15320.0,13539.0,13759.0,13204.0,12717.0,10140.0,8383.0,5242.0,7639.0,7631.0,7605.0,7452.0,7315.0,6395.0,5196.0,4038.0,3267.0,2950.0,9654.0,11655.0,12945.0,2827.0
Powiat m.Świnoujście,2967.0,3245.0,3345.0,3256.0,2939.0,2377.0,1692.0,1206.0,1485.0,1613.0,1473.0,1387.0,1492.0,1175.0,967.0,783.0,714.0,614.0,1101.0,1751.0,2285.0,495.0
DOLNOŚLĄSKIE,267435.0,279309.0,278271.0,257129.0,233352.0,185417.0,127457.0,113890.0,146260.0,150282.0,143575.0,157369.0,153558.0,121562.0,99952.0,85984.0,68813.0,62842.0,160510.0,203376.0,231653.0,56022.0
Powiat bolesławiecki,9218.0,8574.0,8803.0,7966.0,7066.0,5310.0,4049.0,3428.0,4782.0,4552.0,3788.0,4369.0,4000.0,2799.0,2375.0,1852.0,1389.0,1283.0,6836.0,8175.0,8886.0,1293.0
Powiat jaworski,6938.0,7166.0,7032.0,6206.0,5834.0,4654.0,3478.0,2999.0,3909.0,4160.0,4143.0,4384.0,4171.0,3074.0,2785.0,2544.0,2154.0,1956.0,4651.0,5476.0,6254.0,1698.0
Powiat jeleniogórski,6297.0,6502.0,6364.0,5642.0,5055.0,4391.0,2866.0,2640.0,3838.0,4414.0,4124.0,4126.0,3842.0,3103.0,2490.0,2224.0,1795.0,1734.0,7716.0,10296.0,5486.0,1594.0
Powiat kamiennogórski,5968.0,5559.0,5361.0,4750.0,4306.0,3502.0,2206.0,2354.0,3401.0,3323.0,3248.0,3395.0,2997.0,2212.0,1619.0,1447.0,1016.0,825.0,4380.0,5325.0,5304.0,776.0
Powiat lubański,7145.0,6599.0,6371.0,6100.0,5579.0,4753.0,3985.0,4090.0,4585.0,4683.0,4354.0,4328.0,3957.0,3158.0,2434.0,1938.0,1577.0,1234.0,4561.0,5867.0,6458.0,1167.0
Powiat lwówecki,6197.0,6011.0,5737.0,5230.0,5044.0,4544.0,3549.0,2960.0,3606.0,3754.0,3745.0,3932.0,4039.0,3328.0,2803.0,2399.0,1778.0,1645.0,4704.0,5480.0,5887.0,1477.0
Powiat zgorzelecki,9178.0,9585.0,9833.0,9587.0,8286.0,6182.0,4059.0,3625.0,4687.0,4334.0,4079.0,4580.0,4666.0,3720.0,2645.0,2239.0,1539.0,1437.0,4782.0,6857.0,8132.0,1369.0
Powiat złotoryjski,6374.0,6720.0,6431.0,6110.0,5672.0,4743.0,3869.0,3526.0,4130.0,4183.0,4173.0,4262.0,4448.0,3656.0,3044.0,2682.0,2238.0,2023.0,4972.0,5528.0,5610.0,1803.0
Powiat m.Jelenia Góra,6645.0,6895.0,6689.0,5654.0,4637.0,3955.0,2731.0,2381.0,3537.0,4045.0,3555.0,3673.0,3324.0,2577.0,1906.0,1545.0,1221.0,1209.0,,,5627.0,1096.0
Powiat głogowski,8664.0,9203.0,9009.0,7974.0,7255.0,5760.0,4123.0,3596.0,4589.0,4528.0,4360.0,4774.0,4558.0,4139.0,3674.0,2995.0,2638.0,2602.0,5895.0,7239.0,7752.0,2036.0
Powiat górowski,4201.0,4264.0,4561.0,4270.0,3992.0,3418.0,2401.0,2113.0,2863.0,3287.0,3195.0,3369.0,3415.0,2712.0,2565.0,2059.0,1816.0,1671.0,2545.0,3375.0,3833.0,1530.0
Powiat legnicki,6427.0,6492.0,6229.0,5692.0,5208.0,3914.0,2716.0,2248.0,2959.0,3196.0,3487.0,3661.0,3723.0,3115.0,2600.0,2345.0,2100.0,1921.0,10101.0,14031.0,6000.0,1643.0
Powiat lubiński,7925.0,9137.0,9084.0,7086.0,5567.0,4051.0,2823.0,2452.0,3145.0,3778.0,3776.0,4158.0,4184.0,3311.0,2569.0,2210.0,1839.0,1765.0,5939.0,6766.0,7228.0,1475.0
Powiat polkowicki,6587.0,6545.0,6431.0,5608.0,5098.0,4066.0,3096.0,2753.0,3199.0,3409.0,3362.0,3373.0,3306.0,2939.0,2450.0,2266.0,1795.0,1689.0,4735.0,5864.0,5980.0,1651.0
Powiat m.Legnica,10080.0,10546.0,10368.0,9510.0,8372.0,6145.0,3451.0,2968.0,4164.0,4426.0,4866.0,5018.0,4891.0,3893.0,3301.0,2972.0,2468.0,2279.0,,,9482.0,1908.0
Powiat dzierżoniowski,12016.0,12230.0,12436.0,12085.0,12292.0,10466.0,8083.0,7220.0,8089.0,7359.0,6191.0,6504.0,6280.0,4803.0,3436.0,2877.0,2123.0,1754.0,9543.0,10010.0,10625.0,1468.0
Powiat kłodzki,21993.0,22245.0,22848.0,21299.0,20481.0,16833.0,13561.0,12596.0,13528.0,13704.0,13597.0,14917.0,15024.0,12461.0,10208.0,8064.0,6136.0,5717.0,14671.0,18261.0,19121.0,5330.0
Powiat świdnicki,18475.0,17763.0,17945.0,16154.0,14340.0,11778.0,6865.0,6931.0,8361.0,7907.0,7510.0,8942.0,8138.0,6499.0,5740.0,4998.0,3969.0,3627.0,10909.0,14342.0,16125.0,3284.0
Powiat wałbrzyski,7577.0,7933.0,22056.0,21034.0,19118.0,16260.0,10679.0,9863.0,12286.0,11511.0,11469.0,12517.0,4339.0,3577.0,2995.0,2531.0,1769.0,1717.0,11428.0,14727.0,6311.0,1547.0
Powiat ząbkowicki,8422.0,8898.0,8567.0,8163.0,8010.0,6779.0,4268.0,4224.0,4670.0,5437.0,5172.0,5409.0,5260.0,4351.0,3363.0,3159.0,2600.0,2416.0,4675.0,5936.0,7632.0,2035.0
Powiat m.Wałbrzych do 2002,14033.0,15518.0,,,,,,,,,,,,,,,,,,,11371.0,
Powiat m.Wałbrzych od 2013,,,,,,,,,,,,,7700.0,5816.0,4494.0,3891.0,3044.0,2489.0,,,,1974.0
Powiat milicki,3413.0,3398.0,3567.0,3414.0,3099.0,2438.0,2045.0,1782.0,2209.0,2224.0,2220.0,2351.0,2398.0,1893.0,1566.0,1299.0,1020.0,894.0,2044.0,2755.0,2978.0,854.0
Powiat oleśnicki,10644.0,10706.0,10121.0,8952.0,7795.0,5907.0,4068.0,4125.0,5420.0,6109.0,5493.0,5989.0,5993.0,4426.0,3607.0,2935.0,2236.0,1999.0,6209.0,7650.0,9040.0,1971.0
Powiat oławski,7038.0,7486.0,7361.0,6082.0,5070.0,3368.0,2261.0,2359.0,3553.0,3545.0,3456.0,3863.0,4456.0,3072.0,2768.0,2543.0,2105.0,2030.0,4096.0,5325.0,6108.0,1622.0
Powiat strzeliński,4998.0,5076.0,5093.0,4990.0,4674.0,3955.0,2851.0,1905.0,2590.0,2590.0,2331.0,2801.0,2670.0,2250.0,1938.0,1795.0,1609.0,1538.0,2835.0,3530.0,4139.0,1408.0
Powiat średzki,4776.0,4366.0,4175.0,4114.0,3591.0,2843.0,1777.0,1561.0,2349.0,2378.0,2286.0,2567.0,2459.0,1972.0,1552.0,1422.0,1223.0,1171.0,2576.0,3601.0,4146.0,1068.0
Powiat trzebnicki,7199.0,7199.0,7339.0,6930.0,6363.0,5030.0,3399.0,2463.0,3585.0,3519.0,3415.0,3945.0,3973.0,3017.0,2523.0,2271.0,1899.0,1734.0,3825.0,4891.0,5843.0,1526.0
Powiat wołowski,4612.0,4454.0,4473.0,4128.0,3827.0,3096.0,2607.0,2519.0,3444.0,3597.0,3437.0,3881.0,3738.0,3006.0,2416.0,2429.0,2075.0,1902.0,2585.0,3427.0,4162.0,1795.0
Powiat wrocławski,5878.0,6827.0,6996.0,6974.0,6274.0,3989.0,2047.0,1595.0,2600.0,2792.0,2575.0,3284.0,3057.0,2429.0,2167.0,1857.0,1415.0,1334.0,13297.0,18642.0,4402.0,1195.0
Powiat m.Wrocław,28517.0,35412.0,36991.0,35425.0,31447.0,23287.0,13544.0,10614.0,16182.0,17538.0,16168.0,18997.0,18552.0,14254.0,11919.0,10196.0,8227.0,7247.0,,,21731.0,6429.0
OPOLSKIE,78557.0,83436.0,81623.0,74553.0,69396.0,60058.0,43338.0,35698.0,47129.0,48775.0,48029.0,51775.0,51636.0,42361.0,36203.0,32419.0,26066.0,22663.0,46112.0,59476.0,69311.0,20948.0
Powiat brzeski,10546.0,10965.0,10948.0,10144.0,9021.0,7927.0,6566.0,5270.0,5810.0,6078.0,6282.0,6314.0,6905.0,5055.0,4016.0,3638.0,2909.0,2479.0,6324.0,7819.0,9049.0,2156.0
Powiat głubczycki,4550.0,4680.0,4693.0,4273.0,3953.0,3305.0,2455.0,2177.0,2845.0,3025.0,3050.0,3368.0,3216.0,2730.0,2266.0,2129.0,1729.0,1472.0,2974.0,3616.0,4089.0,1379.0
Powiat namysłowski,5161.0,5153.0,4910.0,4585.0,4275.0,3807.0,2415.0,1926.0,2748.0,2661.0,2608.0,2739.0,2770.0,2308.0,1638.0,1563.0,1261.0,1026.0,3263.0,4174.0,4792.0,1067.0
Powiat nyski,17981.0,20593.0,19860.0,17151.0,15832.0,12488.0,7742.0,6416.0,8479.0,8770.0,8599.0,9567.0,8966.0,7234.0,6037.0,5027.0,3840.0,3250.0,11190.0,13774.0,15869.0,2981.0
Powiat prudnicki,4049.0,4123.0,4005.0,3992.0,4080.0,4141.0,3143.0,2608.0,3235.0,3464.0,3368.0,3513.0,3766.0,3237.0,2689.0,2388.0,1757.0,1655.0,2684.0,3266.0,3854.0,1495.0
Powiat kędzierzyńsko-kozielski,5209.0,5981.0,5992.0,5617.0,5712.0,4925.0,4309.0,3040.0,4476.0,4508.0,4484.0,4922.0,4980.0,4099.0,3921.0,3449.0,3058.0,2705.0,2923.0,3971.0,4763.0,2476.0
Powiat kluczborski,6706.0,6723.0,6167.0,5627.0,4774.0,3731.0,2935.0,2450.0,3345.0,3310.0,3283.0,3231.0,3178.0,2626.0,2240.0,2018.0,1699.0,1561.0,3625.0,4858.0,5970.0,1475.0
Powiat krapkowicki,3354.0,3343.0,3214.0,3175.0,3059.0,2644.0,2222.0,2068.0,2764.0,2730.0,2531.0,2684.0,2591.0,2340.0,2116.0,1822.0,1493.0,1435.0,1593.0,2593.0,2901.0,1457.0
Powiat oleski,3603.0,3494.0,3095.0,2903.0,2769.0,2368.0,1599.0,1400.0,2067.0,2128.0,2438.0,2521.0,2455.0,2048.0,1777.0,1587.0,1188.0,1027.0,2517.0,2955.0,3298.0,1006.0
Powiat opolski,6872.0,7456.0,7496.0,6907.0,6304.0,5812.0,3917.0,3147.0,4629.0,4948.0,4715.0,5300.0,5432.0,4525.0,3934.0,3611.0,2767.0,2226.0,6408.0,8996.0,5648.0,1926.0
Powiat strzelecki,3989.0,3858.0,3843.0,3428.0,3484.0,3105.0,2365.0,2149.0,2597.0,2674.0,2349.0,2627.0,2492.0,1958.0,1836.0,1658.0,1384.0,1273.0,2611.0,3454.0,3592.0,1300.0
Powiat m.Opole,6537.0,7067.0,7400.0,6751.0,6133.0,5805.0,3670.0,3047.0,4134.0,4479.0,4322.0,4989.0,4885.0,4201.0,3733.0,3529.0,2981.0,2554.0,,,5486.0,2230.0
KUJAWSKO-POMORSKIE,205232.0,211593.0,212066.0,199566.0,188021.0,160061.0,123243.0,110256.0,134127.0,139401.0,139622.0,148839.0,150145.0,127111.0,107255.0,98522.0,81543.0,72655.0,128192.0,156309.0,181230.0,64060.0
Powiat bydgoski,7061.0,7336.0,7463.0,6993.0,6614.0,5386.0,3753.0,3097.0,4363.0,4677.0,4781.0,5243.0,5460.0,4699.0,3501.0,3152.0,2649.0,2370.0,14209.0,18687.0,6041.0,1769.0
Powiat toruński,8298.0,8844.0,9440.0,8482.0,8245.0,7113.0,4989.0,4312.0,5889.0,6103.0,6063.0,6970.0,7345.0,6169.0,5464.0,4788.0,4276.0,3845.0,10731.0,14971.0,6625.0,3269.0
Powiat m.Bydgoszcz,20653.0,21344.0,21514.0,18521.0,17411.0,13717.0,10318.0,8139.0,12374.0,13043.0,12886.0,13917.0,14233.0,12114.0,8803.0,8012.0,6560.0,5982.0,,,17500.0,4773.0
Powiat m.Toruń,13387.0,13852.0,14317.0,12180.0,11117.0,8969.0,5802.0,5589.0,7653.0,7481.0,7380.0,8808.0,9433.0,7430.0,6247.0,5569.0,4814.0,4463.0,,,11492.0,3874.0
Powiat brodnicki,8105.0,8249.0,8329.0,8040.0,7472.0,6201.0,4383.0,3663.0,4672.0,4739.0,4397.0,4562.0,4822.0,4073.0,3518.0,3080.0,2443.0,2262.0,5480.0,6702.0,7486.0,2218.0
Powiat chełmiński,5620.0,5827.0,5581.0,5785.0,5735.0,4799.0,3005.0,3278.0,3699.0,3814.0,4045.0,4454.0,4595.0,3717.0,3110.0,2802.0,2441.0,2193.0,3632.0,4631.0,5224.0,2014.0
Powiat golubsko-dobrzyński,5073.0,4895.0,5210.0,4812.0,4801.0,3957.0,2971.0,2611.0,3328.0,3535.0,3765.0,4050.0,4274.0,3682.0,3057.0,2493.0,2012.0,1892.0,3098.0,4016.0,4261.0,1855.0
Powiat grudziądzki,5433.0,5555.0,5508.0,5272.0,5103.0,4308.0,3489.0,3255.0,3607.0,3811.0,3948.0,4064.0,3872.0,2968.0,2397.0,2388.0,2026.0,1909.0,11615.0,13750.0,4842.0,1552.0
Powiat rypiński,5695.0,5891.0,6050.0,5680.0,5557.0,4545.0,3533.0,2705.0,3689.0,3367.0,3230.0,3494.0,3645.0,3112.0,2647.0,2351.0,1979.0,1896.0,4163.0,4965.0,5230.0,1616.0
Powiat wąbrzeski,4538.0,4598.0,4529.0,4341.0,4114.0,3502.0,2521.0,2236.0,2642.0,2816.0,2945.0,3120.0,3166.0,2741.0,2419.0,2223.0,1797.0,1575.0,3190.0,3889.0,4242.0,1515.0
Powiat m.Grudziądz,12214.0,12864.0,12861.0,11670.0,11050.0,9234.0,7205.0,6862.0,8166.0,8178.0,8135.0,8380.0,7523.0,5862.0,4904.0,4534.0,3703.0,3233.0,,,10409.0,2869.0
Powiat aleksandrowski,6455.0,6553.0,6505.0,6784.0,6013.0,5496.0,4249.0,3734.0,3668.0,4242.0,4402.0,4914.0,5049.0,4584.0,3765.0,3363.0,2813.0,2564.0,4735.0,5324.0,6600.0,2419.0
Powiat lipnowski,7677.0,7790.0,8005.0,8046.0,7643.0,7100.0,5661.0,5434.0,6621.0,7266.0,7152.0,7146.0,7315.0,6257.0,5161.0,5383.0,4174.0,3923.0,4537.0,6147.0,7056.0,3540.0
Powiat radziejowski,4973.0,4988.0,4794.0,4540.0,4193.0,4037.0,3414.0,3496.0,3687.0,3637.0,3810.0,3875.0,4309.0,3701.0,3441.0,3279.0,2878.0,2624.0,3689.0,4195.0,4651.0,2611.0
Powiat włocławski,9921.0,10281.0,10005.0,9799.0,9275.0,8205.0,7101.0,6483.0,7768.0,8453.0,8863.0,9480.0,9190.0,8599.0,7801.0,7405.0,6104.0,5179.0,16114.0,18401.0,9040.0,4670.0
Powiat m.Włocławek,13616.0,13526.0,13114.0,12247.0,11668.0,9881.0,8191.0,7381.0,9156.0,10226.0,10425.0,10927.0,10143.0,9327.0,8209.0,7812.0,6160.0,4948.0,,,12240.0,4170.0
Powiat inowrocławski,19431.0,21053.0,21011.0,20626.0,20010.0,18382.0,14992.0,12614.0,14126.0,13927.0,14168.0,15269.0,15198.0,12408.0,11037.0,10446.0,8827.0,7581.0,13540.0,14378.0,16980.0,6540.0
Powiat mogileński,5475.0,5768.0,5919.0,5497.0,5119.0,4327.0,3665.0,3442.0,3798.0,3793.0,3514.0,3709.0,4028.0,3251.0,2722.0,2388.0,1959.0,1840.0,3173.0,4051.0,4548.0,1657.0
Powiat nakielski,10604.0,11319.0,10752.0,10388.0,9637.0,7973.0,6311.0,5117.0,6264.0,6454.0,6370.0,6655.0,6703.0,5873.0,4872.0,4406.0,3677.0,3290.0,6740.0,8302.0,9594.0,2949.0
Powiat żniński,8977.0,9135.0,9531.0,9261.0,8420.0,7366.0,5397.0,5231.0,5554.0,5426.0,5753.0,5813.0,5907.0,4824.0,4196.0,3942.0,2996.0,2628.0,5489.0,6829.0,7922.0,2290.0
Powiat sępoleński,5306.0,5293.0,5356.0,5160.0,4501.0,3930.0,3191.0,3140.0,3454.0,3608.0,3603.0,3515.0,3597.0,3058.0,2760.0,2470.0,2071.0,1863.0,3281.0,3908.0,4578.0,1723.0
Powiat świecki,11009.0,10848.0,10581.0,10018.0,9316.0,7491.0,5914.0,5763.0,6809.0,7300.0,6505.0,6667.0,6350.0,5285.0,4200.0,3533.0,2917.0,2592.0,7175.0,8845.0,9729.0,2402.0
Powiat tucholski,5711.0,5784.0,5691.0,5424.0,5007.0,4142.0,3188.0,2674.0,3140.0,3505.0,3482.0,3807.0,3988.0,3377.0,3024.0,2703.0,2267.0,2003.0,3601.0,4318.0,4940.0,1765.0
POMORSKIE,175735.0,191752.0,191525.0,179658.0,159900.0,125951.0,86904.0,67771.0,100267.0,104694.0,106667.0,114644.0,114148.0,96752.0,77662.0,64132.0,49653.0,46082.0,93679.0,124676.0,147219.0,41817.0
Powiat gdański,4418.0,5677.0,5686.0,5222.0,4050.0,2640.0,1524.0,1018.0,2174.0,2521.0,2504.0,3135.0,3428.0,3070.0,2346.0,2162.0,1861.0,1718.0,5265.0,10477.0,2802.0,1610.0
Powiat kartuski,6478.0,7228.0,7751.0,7301.0,6735.0,4992.0,3334.0,2349.0,3735.0,4545.0,4614.0,4828.0,5060.0,3725.0,2542.0,2022.0,1725.0,1490.0,3814.0,4954.0,5329.0,1316.0
Powiat nowodworski,5844.0,6288.0,6040.0,5894.0,4776.0,4238.0,3348.0,2602.0,3193.0,3493.0,3437.0,3648.0,3623.0,3125.0,2755.0,2060.0,1562.0,1500.0,3259.0,4342.0,5255.0,1300.0
Powiat pucki,4044.0,4755.0,5083.0,5301.0,5261.0,4180.0,2991.0,2063.0,3103.0,3211.0,3435.0,3672.0,3713.0,3415.0,3078.0,2600.0,2169.0,1950.0,1258.0,2216.0,3062.0,1828.0
Powiat wejherowski,9726.0,11511.0,12227.0,11386.0,9076.0,6316.0,4454.0,4042.0,7311.0,8472.0,8404.0,9429.0,9092.0,8391.0,7145.0,5916.0,4208.0,3999.0,4264.0,6072.0,7799.0,3385.0
Powiat bytowski,11889.0,11877.0,11273.0,11201.0,10743.0,9508.0,6383.0,5698.0,6569.0,6715.0,6782.0,7130.0,7206.0,6312.0,5302.0,4317.0,3104.0,2907.0,7632.0,9561.0,11031.0,2739.0
Powiat lęborski,8357.0,9089.0,8523.0,7483.0,6894.0,6444.0,4641.0,3780.0,4402.0,4569.0,4295.0,4736.0,4634.0,3657.0,3112.0,2219.0,1695.0,1899.0,4310.0,5792.0,6841.0,1934.0
Powiat słupski,13076.0,13380.0,12929.0,12185.0,11549.0,9319.0,6786.0,4840.0,6790.0,7115.0,7101.0,7339.0,7242.0,6394.0,5019.0,3943.0,2700.0,2289.0,14360.0,17748.0,11263.0,2102.0
Powiat m.Słupsk,10340.0,11006.0,10921.0,10318.0,8823.0,5807.0,3832.0,2805.0,4688.0,5110.0,4692.0,4878.0,4776.0,4276.0,2948.0,2208.0,1623.0,1369.0,,,8345.0,1306.0
Powiat kwidzyński,8646.0,8837.0,8565.0,8297.0,7150.0,5480.0,3875.0,3215.0,4531.0,4076.0,5371.0,6133.0,5386.0,3961.0,2891.0,2710.0,2029.0,1720.0,5604.0,6929.0,7919.0,1756.0
Powiat malborski,13811.0,8021.0,7710.0,7319.0,6470.0,5381.0,4373.0,3485.0,4543.0,4603.0,4746.0,4803.0,4952.0,3945.0,3519.0,2813.0,2258.0,2203.0,9020.0,11908.0,12918.0,1712.0
Powiat starogardzki,11568.0,12075.0,13188.0,13482.0,13114.0,11196.0,7960.0,5823.0,8842.0,8469.0,9010.0,9166.0,8369.0,6567.0,4904.0,3762.0,2523.0,2508.0,6712.0,8451.0,10041.0,2436.0
Powiat tczewski,10520.0,10643.0,11293.0,10765.0,9586.0,8464.0,6816.0,3816.0,5833.0,5408.0,5264.0,5309.0,5490.0,4332.0,3713.0,3170.0,2921.0,2815.0,7171.0,8820.0,9244.0,2432.0
Powiat sztumski,,6290.0,6216.0,5768.0,5252.0,3736.0,2299.0,2110.0,3226.0,2974.0,3129.0,3390.0,3329.0,2731.0,1850.0,1632.0,1212.0,1113.0,,,,964.0
Powiat m.Gdańsk,20689.0,26579.0,25600.0,22588.0,18709.0,11806.0,7159.0,4828.0,9512.0,10874.0,11067.0,13075.0,13900.0,11976.0,8853.0,7986.0,6807.0,6552.0,,,13534.0,5934.0
Powiat m.Gdynia,9270.0,10593.0,10953.0,9834.0,8337.0,6152.0,2557.0,2284.0,5413.0,5579.0,5592.0,6599.0,6567.0,6011.0,5163.0,4192.0,3173.0,2779.0,3535.0,6383.0,7630.0,2383.0
Powiat m.Sopot,1344.0,1641.0,1623.0,1512.0,1268.0,866.0,418.0,337.0,626.0,722.0,736.0,857.0,916.0,766.0,622.0,533.0,388.0,346.0,,,1010.0,269.0
Powiat chojnicki,10751.0,11260.0,11100.0,10121.0,9766.0,8788.0,6200.0,5103.0,6676.0,7039.0,7554.0,7585.0,7421.0,6348.0,5387.0,4526.0,3462.0,3213.0,7022.0,8363.0,9575.0,2921.0
Powiat człuchowski,8942.0,8825.0,8500.0,7696.0,6639.0,5524.0,4118.0,4298.0,5064.0,5132.0,4863.0,4817.0,4927.0,4261.0,3737.0,3058.0,2380.0,1883.0,6498.0,8102.0,8340.0,1793.0
Powiat kościerski,6022.0,6177.0,6344.0,5985.0,5702.0,5114.0,3836.0,3275.0,4036.0,4067.0,4071.0,4115.0,4117.0,3489.0,2776.0,2303.0,1853.0,1829.0,3955.0,4558.0,5281.0,1697.0
WARMIŃSKO-MAZURSKIE,178353.0,176629.0,170430.0,162361.0,150910.0,127574.0,98995.0,87420.0,109181.0,105942.0,107333.0,113223.0,115873.0,98139.0,83510.0,73079.0,60003.0,53141.0,119540.0,142443.0,158150.0,45731.0
Powiat braniewski,6429.0,6637.0,6672.0,6557.0,6439.0,5790.0,5207.0,4356.0,4730.0,4364.0,4360.0,4562.0,4861.0,4196.0,3873.0,3535.0,3034.0,2863.0,4100.0,5165.0,5982.0,2551.0
Powiat działdowski,9764.0,9242.0,8843.0,8423.0,7244.0,5436.0,4398.0,4823.0,6210.0,5792.0,5767.0,6399.0,6536.0,5683.0,5023.0,4629.0,4041.0,3665.0,6230.0,7757.0,8695.0,3201.0
Powiat elbląski,8392.0,8185.0,8091.0,7758.0,7018.0,5910.0,4344.0,4286.0,5319.0,5456.0,5292.0,5615.0,6116.0,5325.0,4550.0,4127.0,3507.0,3183.0,12235.0,16208.0,7697.0,2587.0
Powiat iławski,10422.0,10794.0,9951.0,9184.0,8886.0,7410.0,4445.0,3503.0,3983.0,3940.0,4472.0,4638.0,4272.0,3062.0,2492.0,2042.0,1670.0,1699.0,7247.0,8435.0,9035.0,1541.0
Powiat nowomiejski,5304.0,5035.0,4736.0,4590.0,4679.0,4066.0,2988.0,2056.0,3066.0,3162.0,3494.0,3595.0,3899.0,3122.0,2340.0,1682.0,1342.0,1295.0,3273.0,3968.0,4415.0,1243.0
Powiat ostródzki,15476.0,15264.0,14546.0,13368.0,12510.0,10722.0,8222.0,6781.0,8868.0,7841.0,8212.0,8857.0,9114.0,7376.0,5882.0,5405.0,4471.0,4155.0,10436.0,12059.0,13740.0,3568.0
Powiat m.Elbląg,13432.0,13932.0,12942.0,11841.0,10187.0,8298.0,5891.0,5066.0,7006.0,7589.0,7245.0,7687.0,7890.0,6598.0,5454.0,4818.0,3826.0,3358.0,,,11849.0,2311.0
Powiat ełcki,11135.0,10585.0,10065.0,9622.0,8980.0,8111.0,6552.0,6094.0,7675.0,7793.0,7906.0,8547.0,8201.0,6976.0,5861.0,5286.0,4416.0,4012.0,8439.0,9218.0,10042.0,3503.0
Powiat giżycki,12486.0,7596.0,7555.0,7583.0,7133.0,6345.0,4815.0,3142.0,3951.0,3755.0,3250.0,3603.0,3717.0,3140.0,2884.0,2532.0,1849.0,1577.0,9439.0,10964.0,11634.0,1565.0
Powiat olecki,8742.0,4371.0,4278.0,3983.0,3832.0,3346.0,2481.0,2946.0,3110.0,2950.0,3027.0,3224.0,3271.0,2871.0,2501.0,2206.0,1913.0,1572.0,6405.0,7633.0,8060.0,1273.0
Powiat piski,8393.0,8013.0,7826.0,8199.0,8027.0,6362.0,5401.0,5057.0,6090.0,6091.0,6323.0,5790.0,6306.0,5305.0,4616.0,3440.0,2586.0,2019.0,5938.0,7384.0,7782.0,1853.0
Powiat gołdapski,,4665.0,4642.0,4416.0,3982.0,3242.0,2354.0,2200.0,2434.0,2071.0,2180.0,2410.0,2394.0,1991.0,1784.0,1590.0,1076.0,940.0,,,,842.0
Powiat węgorzewski,,3637.0,3634.0,3537.0,3315.0,3050.0,2533.0,2043.0,2200.0,2115.0,2176.0,2337.0,2384.0,2120.0,1818.0,1670.0,1386.0,1228.0,,,,1025.0
Powiat bartoszycki,10092.0,9763.0,9732.0,9420.0,9268.0,7938.0,6945.0,6791.0,7580.0,6730.0,6697.0,6590.0,6802.0,5977.0,5118.0,4966.0,4273.0,3849.0,7824.0,8439.0,9347.0,3326.0
Powiat kętrzyński,8762.0,8598.0,8311.0,8265.0,7949.0,6962.0,5427.0,4804.0,6055.0,6009.0,6292.0,6469.0,6618.0,6216.0,5475.0,4574.0,3461.0,3471.0,6357.0,7574.0,8196.0,3375.0
Powiat lidzbarski,6050.0,6181.0,6058.0,6193.0,5827.0,5302.0,4329.0,3603.0,4322.0,3946.0,3854.0,3787.0,4189.0,3646.0,3174.0,2816.0,2297.0,1970.0,4226.0,4895.0,5348.0,1709.0
Powiat mrągowski,6944.0,7496.0,7299.0,6640.0,5933.0,5001.0,4355.0,3652.0,4184.0,4158.0,4097.0,4393.0,4258.0,3583.0,3193.0,2783.0,2061.0,1973.0,4872.0,5365.0,5767.0,1757.0
Powiat nidzicki,4175.0,4137.0,4171.0,4176.0,3551.0,2868.0,2250.0,2060.0,2218.0,2138.0,2243.0,2489.0,2432.0,1896.0,1611.0,1256.0,940.0,879.0,2293.0,2847.0,3819.0,720.0
Powiat olsztyński,12536.0,13145.0,12643.0,11569.0,10730.0,9051.0,6842.0,5440.0,7687.0,7574.0,7801.0,8488.0,8949.0,7714.0,6649.0,5919.0,5175.0,4230.0,14020.0,17220.0,10134.0,3424.0
Powiat szczycieński,9112.0,8939.0,8639.0,8026.0,7806.0,6734.0,5495.0,5077.0,6367.0,6605.0,6405.0,6479.0,6342.0,5413.0,4074.0,3282.0,2604.0,2116.0,6206.0,7312.0,7648.0,1954.0
Powiat m.Olsztyn,10707.0,10414.0,9796.0,9011.0,7614.0,5630.0,3721.0,3640.0,6126.0,5863.0,6240.0,7264.0,7322.0,5929.0,5138.0,4521.0,4075.0,3087.0,,,8960.0,2403.0
ŁÓDZKIE,230631.0,234888.0,233064.0,218281.0,198429.0,160698.0,123148.0,99191.0,128105.0,131617.0,138652.0,151036.0,151626.0,126157.0,109510.0,91041.0,72662.0,66036.0,144287.0,182547.0,208064.0,58722.0
Powiat łódzki wschodni,7990.0,5409.0,5746.0,5626.0,5230.0,4422.0,3166.0,1732.0,2377.0,2795.0,3027.0,3391.0,3475.0,3077.0,2730.0,2571.0,2270.0,1984.0,40420.0,29858.0,6809.0,1787.0
Powiat pabianicki,10424.0,11035.0,10991.0,10046.0,9016.0,7458.0,4956.0,4661.0,6311.0,6724.0,7587.0,8020.0,7552.0,6216.0,5169.0,4369.0,3559.0,3174.0,5495.0,7438.0,9254.0,2890.0
Powiat zgierski,16270.0,16225.0,16382.0,15572.0,15488.0,12725.0,9574.0,8244.0,9101.0,9810.0,10408.0,11700.0,11487.0,8624.0,7705.0,6342.0,4848.0,4292.0,9867.0,12714.0,14878.0,3540.0
Powiat brzeziński,,2940.0,2899.0,2580.0,2196.0,1810.0,1582.0,1291.0,1650.0,1709.0,1793.0,1894.0,1828.0,1512.0,1473.0,1232.0,890.0,800.0,,,,803.0
Powiat m.Łódź,61932.0,65137.0,65177.0,61700.0,54679.0,38658.0,28635.0,22548.0,31973.0,33727.0,37029.0,40987.0,42180.0,36484.0,32424.0,26921.0,21896.0,19251.0,,20480.0,55478.0,16917.0
Powiat bełchatowski,11349.0,11240.0,11130.0,9982.0,9223.0,7649.0,5772.0,4652.0,6071.0,5950.0,6740.0,7386.0,7576.0,6042.0,4830.0,4090.0,3218.0,3047.0,7723.0,9900.0,10767.0,2570.0
Powiat opoczyński,9246.0,9146.0,9202.0,8715.0,8120.0,7106.0,6089.0,4402.0,5817.0,4905.0,5025.0,5430.0,5350.0,4070.0,3040.0,2599.0,1831.0,1761.0,6228.0,8103.0,8485.0,1738.0
Powiat piotrkowski,7096.0,6864.0,6791.0,5972.0,5483.0,4660.0,3455.0,2553.0,3512.0,3987.0,4079.0,4393.0,4425.0,3549.0,3195.0,2574.0,2028.0,1851.0,8057.0,10652.0,5766.0,1618.0
Powiat radomszczański,13292.0,13804.0,12988.0,12419.0,11289.0,10243.0,8787.0,5800.0,6848.0,6859.0,6980.0,7562.0,7309.0,6116.0,4961.0,4074.0,3210.0,2702.0,9839.0,11824.0,12419.0,2332.0
Powiat tomaszowski,14244.0,14357.0,13794.0,13334.0,11693.0,10110.0,7658.0,6491.0,8366.0,8243.0,8109.0,8641.0,8322.0,6279.0,5343.0,4401.0,3748.0,3624.0,11187.0,12603.0,13530.0,3330.0
Powiat m.Piotrków Trybunalski,7170.0,6750.0,6802.0,5753.0,5352.0,4530.0,3522.0,2865.0,3636.0,4016.0,4079.0,4543.0,4504.0,3642.0,3260.0,2621.0,2018.0,1905.0,,,5590.0,1712.0
Powiat łaski,4256.0,4391.0,4431.0,4114.0,3615.0,3028.0,2411.0,2205.0,3025.0,3440.0,3568.0,3779.0,3769.0,3054.0,2489.0,2162.0,1749.0,1453.0,2591.0,3441.0,3811.0,1315.0
Powiat pajęczański,5611.0,4948.0,4753.0,4190.0,3658.0,3306.0,2258.0,2061.0,2824.0,2791.0,2611.0,3019.0,2861.0,2343.0,1951.0,1715.0,1605.0,1530.0,4045.0,4936.0,5359.0,1463.0
Powiat poddębicki,3525.0,3648.0,3624.0,3387.0,3244.0,3059.0,2272.0,1608.0,1980.0,2245.0,2484.0,2714.0,2699.0,2257.0,1945.0,1591.0,1204.0,1142.0,2358.0,2945.0,3279.0,1115.0
Powiat sieradzki,9971.0,10170.0,10633.0,10415.0,10157.0,9043.0,7298.0,5865.0,6632.0,6517.0,6934.0,7076.0,7378.0,6485.0,5592.0,4271.0,3169.0,3201.0,5709.0,8160.0,9012.0,2888.0
Powiat wieluński,6400.0,5729.0,5556.0,4759.0,4450.0,3495.0,2916.0,2963.0,4067.0,3767.0,3763.0,4232.0,4294.0,3757.0,3323.0,2845.0,2359.0,2183.0,4659.0,5525.0,5890.0,1936.0
Powiat wieruszowski,3477.0,3352.0,2995.0,2597.0,2550.0,2226.0,1748.0,1826.0,2298.0,2090.0,2115.0,2092.0,2014.0,1556.0,1375.0,1041.0,865.0,853.0,2017.0,2820.0,3117.0,759.0
Powiat zduńskowolski,5322.0,5753.0,6195.0,6237.0,5912.0,5144.0,3376.0,2754.0,3398.0,3613.0,3790.0,4196.0,4327.0,3833.0,3314.0,2573.0,1939.0,1847.0,2808.0,4024.0,4725.0,1599.0
Powiat kutnowski,13035.0,13342.0,13253.0,12707.0,10813.0,8747.0,7366.0,6093.0,7554.0,7220.0,7302.0,7332.0,7472.0,6427.0,5821.0,4957.0,3891.0,3671.0,9218.0,11479.0,11669.0,3295.0
Powiat łęczycki,5405.0,5438.0,5548.0,5166.0,4883.0,4192.0,3088.0,2495.0,2940.0,3020.0,3098.0,3313.0,3567.0,3078.0,2639.0,2281.0,1715.0,1532.0,3818.0,4716.0,5188.0,1383.0
Powiat łowicki,6047.0,6287.0,5824.0,5300.0,4621.0,3773.0,3096.0,2788.0,3174.0,3294.0,3048.0,3594.0,3589.0,3123.0,2827.0,2484.0,1945.0,1818.0,4032.0,4949.0,5476.0,1534.0
Powiat rawski,3881.0,3939.0,3508.0,3151.0,2848.0,2222.0,1675.0,1398.0,1788.0,1798.0,1800.0,1951.0,1998.0,1656.0,1428.0,1184.0,933.0,823.0,2071.0,2776.0,3799.0,673.0
Powiat skierniewicki,1842.0,1944.0,1928.0,1815.0,1566.0,1199.0,939.0,695.0,998.0,1179.0,1252.0,1420.0,1397.0,1133.0,1009.0,764.0,661.0,610.0,2145.0,3204.0,1470.0,589.0
Powiat m.Skierniewice,2846.0,3040.0,2914.0,2744.0,2343.0,1893.0,1509.0,1201.0,1765.0,1918.0,2031.0,2371.0,2253.0,1844.0,1667.0,1379.0,1111.0,982.0,,,2293.0,936.0
ŚWIĘTOKRZYSKIE,131129.0,131266.0,126538.0,126322.0,117754.0,99406.0,83339.0,77716.0,83819.0,82141.0,83217.0,86708.0,90124.0,75434.0,66131.0,57126.0,46570.0,44118.0,84824.0,107472.0,118469.0,42042.0
Powiat kielecki,21868.0,22440.0,21574.0,21378.0,20132.0,16797.0,14296.0,14298.0,13612.0,13261.0,13214.0,14240.0,15107.0,12059.0,11177.0,9925.0,8208.0,7957.0,24321.0,,19515.0,7718.0
Powiat konecki,12847.0,12911.0,12553.0,12428.0,11401.0,9794.0,8326.0,7973.0,7074.0,7070.0,7380.0,7218.0,7802.0,6261.0,5244.0,4216.0,3507.0,3405.0,8161.0,10679.0,11882.0,3236.0
Powiat ostrowiecki,14316.0,14260.0,14075.0,13551.0,12132.0,10446.0,8645.0,7331.0,9454.0,8708.0,8859.0,9150.0,9249.0,7560.0,6836.0,5525.0,4708.0,4311.0,7862.0,10876.0,12384.0,3895.0
Powiat skarżyski,9849.0,10331.0,10394.0,10717.0,9962.0,8789.0,7844.0,6567.0,7267.0,7316.0,7400.0,7646.0,7703.0,6653.0,5808.0,4964.0,3811.0,3901.0,5304.0,7424.0,8671.0,3593.0
Powiat starachowicki,12120.0,11461.0,10455.0,10291.0,9459.0,7099.0,5268.0,5357.0,6974.0,6741.0,6751.0,7215.0,6975.0,5527.0,4815.0,4106.0,3524.0,3135.0,8656.0,11491.0,11809.0,3188.0
Powiat m.Kielce,16621.0,17292.0,16566.0,16727.0,15355.0,12687.0,10741.0,10469.0,11285.0,11438.0,10804.0,11686.0,12167.0,10514.0,9378.0,8326.0,6349.0,6024.0,,30341.0,14432.0,5356.0
Powiat buski,4904.0,4573.0,4488.0,4446.0,4327.0,3808.0,3219.0,3212.0,3213.0,3305.0,3129.0,3285.0,3459.0,2901.0,2581.0,2028.0,1651.0,1390.0,3377.0,4056.0,4600.0,1319.0
Powiat jędrzejowski,7410.0,7540.0,6962.0,6953.0,6948.0,5713.0,4532.0,4285.0,4637.0,4871.0,4939.0,4934.0,5454.0,4712.0,4238.0,3481.0,2629.0,2471.0,4737.0,5857.0,6531.0,2414.0
Powiat kazimierski,2133.0,2234.0,2290.0,2394.0,2188.0,2079.0,1819.0,1684.0,1918.0,1911.0,2109.0,2088.0,2292.0,2100.0,1746.0,1586.0,1312.0,1222.0,1559.0,1655.0,1878.0,1077.0
Powiat opatowski,5495.0,5440.0,5500.0,5634.0,5461.0,5103.0,4546.0,4490.0,5458.0,4746.0,5297.0,5583.0,5675.0,4990.0,4681.0,3857.0,3247.0,3139.0,4102.0,4797.0,5094.0,3143.0
Powiat pińczowski,3335.0,3146.0,3167.0,3186.0,3048.0,2351.0,1776.0,1576.0,1622.0,1657.0,1665.0,1764.0,1886.0,1660.0,1508.0,1327.0,1139.0,1127.0,2281.0,2621.0,2927.0,1081.0
Powiat sandomierski,7034.0,6942.0,6772.0,6722.0,6446.0,5467.0,4826.0,3875.0,4356.0,4295.0,4704.0,4759.0,5030.0,4187.0,3229.0,3140.0,2716.0,2471.0,5556.0,6422.0,6723.0,2497.0
Powiat staszowski,7439.0,6951.0,6089.0,6375.0,5906.0,5237.0,4328.0,3586.0,3924.0,3773.0,4036.0,4175.0,4153.0,3640.0,3051.0,2890.0,2339.0,2265.0,5321.0,6557.0,6978.0,2107.0
Powiat włoszczowski,5758.0,5745.0,5653.0,5520.0,4989.0,4036.0,3173.0,3013.0,3025.0,3049.0,2930.0,2965.0,3172.0,2670.0,1839.0,1755.0,1430.0,1300.0,3587.0,4696.0,5045.0,1418.0
LUBELSKIE,178980.0,178879.0,174529.0,164752.0,156832.0,141763.0,118146.0,101561.0,117237.0,119709.0,122441.0,131125.0,134042.0,116869.0,107895.0,95596.0,81221.0,74449.0,117136.0,148096.0,159717.0,69379.0
Powiat bialski,8819.0,9016.0,8891.0,8516.0,8075.0,7211.0,6788.0,5555.0,6454.0,5942.0,6598.0,6973.0,7019.0,6387.0,5603.0,5327.0,4480.0,4442.0,5397.0,7279.0,7869.0,4213.0
Powiat parczewski,2913.0,2998.0,2580.0,2614.0,2692.0,2420.0,2203.0,1791.0,1983.0,2130.0,2093.0,2217.0,2281.0,1922.0,1794.0,1455.0,1159.0,1032.0,2199.0,2598.0,2768.0,948.0
Powiat radzyński,5314.0,5002.0,4750.0,4436.0,4246.0,3516.0,3160.0,2993.0,3429.0,3576.0,3609.0,3967.0,4040.0,3627.0,3295.0,2710.0,2070.0,1771.0,3816.0,4584.0,4793.0,1441.0
Powiat włodawski,4334.0,4239.0,4223.0,3982.0,3841.0,4198.0,3199.0,3200.0,3439.0,3554.0,3507.0,3780.0,3858.0,3518.0,3110.0,2814.0,2382.0,2229.0,3106.0,3669.0,3920.0,2202.0
Powiat m.Biała Podlaska,4981.0,5163.0,4886.0,4733.0,4605.0,4176.0,3767.0,3002.0,3659.0,3293.0,3675.0,3942.0,3914.0,3572.0,3218.0,2995.0,2621.0,2475.0,2726.0,3818.0,4320.0,2379.0
Powiat biłgorajski,9056.0,8630.0,8026.0,7655.0,7025.0,5759.0,4727.0,3577.0,3785.0,3442.0,3975.0,4212.0,4489.0,3951.0,3783.0,3083.0,2694.0,2380.0,6436.0,7807.0,8092.0,2373.0
Powiat chełmski,7122.0,7353.0,7945.0,7310.0,7190.0,8165.0,6968.0,5105.0,5184.0,5338.0,5532.0,6019.0,6390.0,5528.0,5215.0,4834.0,4285.0,4071.0,4664.0,5784.0,6230.0,3607.0
Powiat hrubieszowski,6916.0,6894.0,6752.0,6435.0,5960.0,5492.0,5070.0,4491.0,4953.0,5213.0,5392.0,5795.0,5946.0,5202.0,5026.0,4507.0,3910.0,3564.0,4926.0,5848.0,6455.0,3591.0
Powiat krasnostawski,5932.0,6274.0,6141.0,6119.0,5719.0,4580.0,4029.0,3683.0,4349.0,4227.0,4771.0,4907.0,5037.0,4506.0,4396.0,3954.0,3648.0,3299.0,3821.0,5142.0,5505.0,3120.0
Powiat tomaszowski,9264.0,9039.0,8710.0,8048.0,7591.0,7268.0,6426.0,5119.0,5819.0,5406.0,5912.0,6036.0,6107.0,4975.0,4689.0,3659.0,2928.0,2457.0,6915.0,8304.0,8482.0,2535.0
Powiat zamojski,9493.0,9422.0,9239.0,8528.0,7987.0,7250.0,6331.0,5355.0,6128.0,6307.0,6285.0,7206.0,7215.0,6453.0,6200.0,5320.0,4689.0,4028.0,6113.0,8224.0,8268.0,3614.0
Powiat m.Chełm,6143.0,6191.0,6768.0,6580.0,6082.0,5933.0,4501.0,3608.0,3792.0,3895.0,4102.0,4366.0,4468.0,3800.0,3537.0,3062.0,2846.0,2613.0,3880.0,5039.0,5519.0,2513.0
Powiat m.Zamość,6652.0,6461.0,6351.0,5985.0,5577.0,5230.0,4476.0,3924.0,4523.0,4614.0,4337.0,4827.0,4861.0,4364.0,4031.0,3520.0,3109.0,2805.0,3921.0,5431.0,5433.0,2436.0
Powiat lubartowski,9130.0,9084.0,8960.0,7938.0,7304.0,6223.0,5604.0,4846.0,5638.0,5625.0,5860.0,6218.0,6382.0,5840.0,5154.0,4794.0,4379.0,3976.0,6577.0,7827.0,8161.0,3836.0
Powiat lubelski,8433.0,8276.0,7751.0,7462.0,7092.0,6236.0,5130.0,4091.0,5163.0,5832.0,6135.0,6788.0,7185.0,6172.0,5624.0,4805.0,4122.0,3603.0,5578.0,6991.0,7299.0,3248.0
Powiat łęczyński,4753.0,4755.0,4707.0,4593.0,4464.0,3786.0,2807.0,2404.0,2853.0,2818.0,2586.0,2618.0,2669.0,2230.0,2143.0,1780.0,1556.0,1446.0,2963.0,3994.0,4452.0,1412.0
Powiat świdnicki,6037.0,6153.0,6037.0,5549.0,5002.0,4374.0,3448.0,3498.0,4162.0,4757.0,4062.0,4212.0,4296.0,3878.0,3830.0,3345.0,2696.0,2414.0,3502.0,4456.0,5035.0,2208.0
Powiat m.Lublin,20372.0,21235.0,20687.0,18965.0,18935.0,16708.0,12890.0,11592.0,14784.0,16080.0,16102.0,17124.0,17422.0,14771.0,13938.0,12733.0,11164.0,10050.0,11798.0,15062.0,16492.0,9040.0
Powiat janowski,4264.0,4271.0,3963.0,3821.0,3563.0,3441.0,3056.0,3081.0,3295.0,3455.0,3634.0,3694.0,3811.0,3233.0,2981.0,2742.0,1982.0,2019.0,3198.0,3768.0,4072.0,2055.0
Powiat kraśnicki,7470.0,7095.0,6914.0,6734.0,6950.0,6655.0,5909.0,5828.0,6944.0,6937.0,6371.0,6804.0,7010.0,6050.0,5596.0,5783.0,4791.0,4412.0,5210.0,6667.0,7311.0,4398.0
Powiat łukowski,9687.0,8995.0,8848.0,8878.0,7685.0,6745.0,4810.0,3785.0,4870.0,4823.0,5232.0,5935.0,5887.0,4852.0,4008.0,2965.0,2257.0,2037.0,5412.0,7423.0,9005.0,1949.0
Powiat opolski,7282.0,7463.0,7384.0,6783.0,6500.0,6344.0,5502.0,4878.0,4592.0,4462.0,4461.0,4450.0,4390.0,3853.0,3542.0,3169.0,2434.0,2468.0,5357.0,6408.0,6953.0,2192.0
Powiat puławski,9479.0,9693.0,9034.0,8490.0,8241.0,6554.0,4681.0,4016.0,4891.0,5286.0,5459.0,5841.0,5889.0,5024.0,4410.0,3761.0,2941.0,3071.0,6368.0,7792.0,8794.0,2502.0
Powiat rycki,5134.0,5177.0,4982.0,4598.0,4506.0,3499.0,2664.0,2139.0,2548.0,2697.0,2751.0,3194.0,3476.0,3161.0,2772.0,2479.0,2078.0,1787.0,3253.0,4181.0,4489.0,1567.0
PODKARPACKIE,195173.0,187519.0,182497.0,170293.0,163956.0,145246.0,126360.0,115567.0,141944.0,142263.0,146208.0,153807.0,154216.0,137932.0,123514.0,107567.0,90972.0,82933.0,137367.0,164692.0,182168.0,75455.0
Powiat bieszczadzki,6178.0,2754.0,2796.0,2603.0,2430.0,2237.0,1715.0,1720.0,2096.0,2060.0,2119.0,2258.0,2046.0,1874.0,1788.0,1569.0,1323.0,1175.0,4318.0,5016.0,5569.0,1162.0
Powiat brzozowski,8554.0,8205.0,8283.0,7511.0,7581.0,6733.0,5882.0,6202.0,6697.0,6640.0,6918.0,7356.0,7342.0,6700.0,6032.0,5437.0,4773.0,4415.0,6336.0,7380.0,8012.0,4241.0
Powiat jasielski,14229.0,13326.0,12653.0,12179.0,11215.0,9789.0,8291.0,8003.0,9620.0,9540.0,9780.0,10415.0,10015.0,8504.0,8091.0,7044.0,5748.0,5179.0,9818.0,11739.0,13436.0,4918.0
Powiat krośnieński,9911.0,8976.0,8498.0,7592.0,7577.0,6526.0,4723.0,4709.0,6367.0,6616.0,6614.0,7425.0,7137.0,5994.0,5041.0,3652.0,2608.0,2187.0,8655.0,10922.0,9175.0,1841.0
Powiat sanocki,9532.0,9130.0,9087.0,8329.0,6807.0,5944.0,5177.0,3944.0,5252.0,5394.0,5093.0,5430.0,5798.0,5228.0,4036.0,3712.0,3003.0,2822.0,6228.0,7558.0,8602.0,2741.0
Powiat leski,,3126.0,3040.0,2838.0,2774.0,2611.0,2351.0,2308.0,2595.0,2734.0,2763.0,2767.0,2878.0,2668.0,2486.0,2413.0,2026.0,1923.0,,,,1852.0
Powiat m.Krosno,3491.0,3224.0,2891.0,2536.0,2619.0,2165.0,1574.0,1730.0,2230.0,2305.0,2208.0,2600.0,2604.0,2123.0,1796.0,1415.0,1003.0,789.0,,,3278.0,695.0
Powiat jarosławski,11517.0,10974.0,11005.0,10091.0,10063.0,9569.0,8663.0,7651.0,9515.0,9505.0,9684.0,10176.0,10044.0,9220.0,8315.0,7748.0,7025.0,6551.0,8000.0,9542.0,10641.0,5215.0
Powiat lubaczowski,6174.0,5854.0,6012.0,5675.0,5447.0,4898.0,4759.0,4282.0,4521.0,4554.0,4515.0,4458.0,4409.0,3925.0,3360.0,2888.0,2402.0,2125.0,4911.0,5442.0,5848.0,1986.0
Powiat przemyski,6443.0,6500.0,6498.0,6214.0,5968.0,5514.0,4889.0,4552.0,5564.0,5735.0,5584.0,5986.0,6400.0,5470.0,5036.0,4663.0,4068.0,3691.0,6653.0,9717.0,5840.0,3465.0
Powiat przeworski,7386.0,6680.0,6173.0,6452.0,6215.0,5463.0,4843.0,4597.0,6154.0,6352.0,6500.0,6880.0,6809.0,5971.0,5675.0,5286.0,4663.0,4085.0,5162.0,5956.0,6885.0,3933.0
Powiat m.Przemyśl,5613.0,6018.0,6153.0,5759.0,5748.0,5282.0,4824.0,4779.0,5397.0,5413.0,5337.0,5220.0,5071.0,4706.0,4100.0,3866.0,3439.0,3088.0,,,5147.0,2851.0
Powiat kolbuszowski,6539.0,5758.0,5672.0,5343.0,4953.0,4331.0,3806.0,3474.0,4129.0,3966.0,4114.0,4132.0,4180.0,3652.0,3175.0,2754.0,2324.0,1972.0,5194.0,5905.0,6095.0,1817.0
Powiat łańcucki,7415.0,7599.0,7032.0,6518.0,6129.0,5324.0,4645.0,4310.0,5160.0,5237.0,5442.0,6027.0,6391.0,5800.0,4691.0,4561.0,3580.0,3482.0,5197.0,6335.0,6915.0,3089.0
Powiat ropczycko-sędziszowski,7850.0,7377.0,7313.0,6826.0,6503.0,5633.0,4838.0,4506.0,5105.0,5034.0,5482.0,6168.0,6344.0,5431.0,4882.0,3695.0,3535.0,3426.0,6084.0,7001.0,7344.0,2919.0
Powiat rzeszowski,12399.0,12334.0,11948.0,11722.0,11597.0,9978.0,9280.0,6737.0,7839.0,8233.0,8671.0,9561.0,10011.0,9421.0,8878.0,7596.0,6604.0,6405.0,15809.0,18124.0,11606.0,5711.0
Powiat strzyżowski,7009.0,6908.0,7076.0,6631.0,6802.0,6297.0,5754.0,5163.0,5763.0,5958.0,6024.0,6288.0,6530.0,5869.0,5448.0,4746.0,4021.0,3730.0,5254.0,5981.0,6541.0,3441.0
Powiat m.Rzeszów,9104.0,9301.0,8839.0,8671.0,8559.0,7880.0,7312.0,5993.0,7389.0,8199.0,8428.0,9124.0,9380.0,8715.0,8463.0,7884.0,6834.0,6571.0,,,8555.0,6181.0
Powiat dębicki,11798.0,12316.0,11500.0,10660.0,10617.0,9171.0,7287.0,5586.0,6919.0,6889.0,7534.0,8147.0,8312.0,7443.0,6587.0,5589.0,4138.0,3452.0,8104.0,9602.0,11302.0,2719.0
Powiat leżajski,7118.0,6530.0,6395.0,5695.0,5124.0,5110.0,4473.0,4048.0,5320.0,5211.0,5428.0,5505.0,5585.0,5315.0,4809.0,4276.0,3993.0,3686.0,5558.0,6681.0,7165.0,3380.0
Powiat mielecki,11321.0,10747.0,10636.0,9665.0,9340.0,7717.0,6502.0,6616.0,8833.0,8451.0,9378.0,8454.0,7693.0,7325.0,7114.0,4793.0,3618.0,2895.0,7730.0,9843.0,9891.0,2849.0
Powiat niżański,7119.0,6277.0,6117.0,5533.0,5382.0,4889.0,4623.0,4439.0,5684.0,5558.0,5828.0,6027.0,6237.0,5477.0,4603.0,4484.0,4068.0,3868.0,5261.0,6059.0,6791.0,3616.0
Powiat stalowowolski,8737.0,8483.0,7977.0,7251.0,6779.0,5671.0,4559.0,4700.0,7085.0,6696.0,6591.0,6818.0,6745.0,5460.0,4215.0,3082.0,2668.0,2417.0,6617.0,7965.0,8821.0,2077.0
Powiat tarnobrzeski,5214.0,4770.0,4674.0,4236.0,4042.0,3480.0,2943.0,2931.0,3727.0,3165.0,3271.0,3488.0,3293.0,2892.0,2542.0,2331.0,1803.0,1526.0,6478.0,7924.0,4806.0,1472.0
Powiat m.Tarnobrzeg,4522.0,4352.0,4229.0,3763.0,3685.0,3034.0,2647.0,2587.0,2983.0,2818.0,2902.0,3097.0,2962.0,2749.0,2351.0,2083.0,1705.0,1473.0,,,3903.0,1284.0
PODLASKIE,86471.0,86074.0,81274.0,76125.0,73193.0,61773.0,48796.0,45821.0,61169.0,63761.0,65920.0,68705.0,70889.0,60394.0,55019.0,48361.0,39997.0,36786.0,62750.0,72752.0,79232.0,33277.0
Powiat białostocki,8952.0,9252.0,8551.0,7674.0,7733.0,6291.0,4999.0,4984.0,7614.0,8054.0,8053.0,8658.0,8788.0,7639.0,6845.0,5949.0,5010.0,4419.0,17224.0,21136.0,7976.0,3961.0
Powiat sokólski,6913.0,6620.0,6224.0,5587.0,5366.0,4714.0,3864.0,3787.0,4440.0,4618.0,4794.0,4793.0,5043.0,4355.0,4175.0,3557.0,3045.0,3045.0,5180.0,5857.0,6260.0,2727.0
Powiat m.Białystok,16060.0,16891.0,16231.0,15160.0,14857.0,12064.0,9113.0,9174.0,14086.0,15249.0,15526.0,16545.0,17234.0,14772.0,13204.0,11321.0,8877.0,8001.0,,,14211.0,7072.0
Powiat bielski,3361.0,2991.0,3000.0,2612.0,2629.0,2279.0,1912.0,1611.0,2072.0,2140.0,2104.0,2180.0,2485.0,2059.0,1816.0,1667.0,1497.0,1310.0,2627.0,2929.0,3129.0,1147.0
Powiat hajnowski,3309.0,2897.0,2572.0,2375.0,2542.0,2121.0,1542.0,1728.0,2392.0,2108.0,2039.0,2297.0,2303.0,1859.0,1715.0,1658.0,1300.0,1297.0,2341.0,2778.0,2825.0,1127.0
Powiat kolneński,3868.0,3852.0,3569.0,3524.0,3003.0,2723.0,2331.0,2378.0,3044.0,3065.0,3116.0,3168.0,3360.0,2918.0,2718.0,2689.0,2477.0,2289.0,3215.0,3430.0,3697.0,2247.0
Powiat łomżyński,3994.0,3802.0,3473.0,3184.0,3001.0,2363.0,2013.0,1564.0,2041.0,2169.0,2417.0,2555.0,2726.0,2523.0,2292.0,2051.0,1663.0,1361.0,7383.0,8700.0,3806.0,1226.0
Powiat siemiatycki,2082.0,1966.0,1782.0,1843.0,1916.0,1933.0,1397.0,1192.0,1406.0,1552.0,1630.0,1703.0,1863.0,1761.0,1655.0,1553.0,1374.0,1189.0,1188.0,1720.0,1869.0,1041.0
Powiat wysokomazowiecki,3537.0,3369.0,3260.0,3238.0,2999.0,2365.0,1951.0,1715.0,1893.0,2115.0,2330.0,2378.0,2515.0,2058.0,2079.0,1847.0,1608.0,1567.0,2663.0,3073.0,3282.0,1545.0
Powiat zambrowski,3623.0,3602.0,3423.0,3509.0,3527.0,2870.0,2405.0,2246.0,2669.0,2530.0,2725.0,3006.0,2851.0,2401.0,2187.0,1859.0,1612.0,1357.0,2886.0,2977.0,3413.0,1138.0
Powiat m.Łomża,6013.0,5769.0,5226.0,4945.0,4584.0,3710.0,2935.0,2594.0,3487.0,3653.0,3859.0,3976.0,4095.0,3751.0,3156.0,2878.0,2318.0,2062.0,,,5548.0,1814.0
Powiat augustowski,6091.0,5720.0,5610.0,5275.0,4973.0,4421.0,3667.0,3376.0,3859.0,4016.0,4127.0,4177.0,4232.0,3597.0,3258.0,2539.0,2138.0,2157.0,4644.0,4952.0,5551.0,2123.0
Powiat grajewski,5452.0,5194.0,5167.0,4996.0,4793.0,4479.0,3880.0,3127.0,3876.0,4227.0,4210.0,4112.0,4165.0,3685.0,3246.0,3082.0,2560.0,2389.0,4600.0,4911.0,5179.0,2059.0
Powiat moniecki,2213.0,1973.0,2018.0,1997.0,1956.0,1680.0,1436.0,1368.0,1691.0,1829.0,2006.0,2114.0,2149.0,1887.0,1880.0,1415.0,1084.0,1137.0,1750.0,2065.0,2164.0,1021.0
Powiat sejneński,2552.0,2512.0,2354.0,2328.0,2193.0,1887.0,1668.0,1547.0,1687.0,1700.0,2084.0,1832.0,1890.0,1337.0,1449.0,1376.0,1151.0,1090.0,1833.0,2053.0,2390.0,1052.0
Powiat suwalski,2559.0,2900.0,2658.0,2412.0,2162.0,1811.0,1081.0,957.0,1346.0,1327.0,1359.0,1484.0,1546.0,1006.0,965.0,844.0,644.0,574.0,5216.0,6171.0,2379.0,548.0
Powiat m.Suwałki,5892.0,6764.0,6156.0,5466.0,4959.0,4062.0,2602.0,2473.0,3566.0,3409.0,3541.0,3727.0,3644.0,2786.0,2379.0,2076.0,1639.0,1542.0,,,5553.0,1429.0
MAZOWIECKIE,346118.0,368856.0,363554.0,352946.0,332525.0,285612.0,219924.0,178028.0,224480.0,238341.0,246739.0,271927.0,283196.0,249777.0,216527.0,188910.0,154068.0,136545.0,195927.0,249216.0,289872.0,123208.0
Powiat warszawski,53774.0,,,,,,,,,,,,,,,,,,5973.0,9319.0,33972.0,
Powiat m. st. Warszawa,,65087.0,62542.0,64567.0,58398.0,49409.0,31934.0,20682.0,31302.0,38640.0,41613.0,49227.0,54842.0,48840.0,39724.0,33212.0,26056.0,19382.0,,,,17367.0
Powiat legionowski,5225.0,5906.0,6343.0,6213.0,5561.0,4579.0,3304.0,2215.0,3346.0,3263.0,3862.0,4592.0,5051.0,4633.0,3945.0,3576.0,2508.0,2331.0,2180.0,3113.0,3931.0,2223.0
Powiat miński,7480.0,7599.0,8010.0,8048.0,7535.0,6402.0,4436.0,2974.0,3650.0,4177.0,4479.0,5330.0,5886.0,4991.0,4119.0,3236.0,2614.0,2554.0,3272.0,4717.0,6166.0,2410.0
Powiat otwocki,6500.0,6409.0,6269.0,6300.0,6065.0,5365.0,3741.0,2342.0,3483.0,3605.0,3778.0,4424.0,4332.0,3722.0,3113.0,2795.0,2399.0,2008.0,3392.0,4740.0,5314.0,1804.0
Powiat wołomiński,12396.0,14299.0,14239.0,13932.0,12983.0,11823.0,6780.0,5674.0,8551.0,9161.0,9539.0,11586.0,12871.0,11615.0,10059.0,8860.0,6676.0,5951.0,5272.0,8585.0,9844.0,5247.0
Powiat grodziski,3145.0,3368.0,3502.0,3439.0,2972.0,1947.0,1228.0,1140.0,1846.0,2034.0,2202.0,2510.0,2505.0,2163.0,1911.0,1473.0,1145.0,1046.0,1656.0,2233.0,2546.0,861.0
Powiat nowodworski,5831.0,6202.0,5844.0,5010.0,4644.0,3826.0,2502.0,1966.0,2866.0,3467.0,3713.0,3705.0,3818.0,3636.0,2989.0,2554.0,1903.0,1901.0,3805.0,4684.0,5414.0,1827.0
Powiat piaseczyński,4634.0,4746.0,5518.0,5375.0,5330.0,4327.0,3390.0,3006.0,4599.0,5047.0,4968.0,5941.0,6052.0,5561.0,5061.0,4560.0,3841.0,3487.0,1757.0,2554.0,3176.0,2834.0
Powiat pruszkowski,5621.0,6213.0,6298.0,6041.0,5785.0,4941.0,3650.0,2528.0,3865.0,4125.0,4275.0,5039.0,5505.0,4701.0,4229.0,3734.0,2897.0,2541.0,2242.0,3288.0,4320.0,2074.0
Powiat warszawski zachodni,4452.0,4998.0,5091.0,4440.0,4066.0,3219.0,2187.0,1655.0,2464.0,2732.0,3113.0,3247.0,3540.0,3001.0,2363.0,1801.0,1401.0,1240.0,10431.0,16196.0,3182.0,1032.0
Powiat ciechanowski,8975.0,8853.0,8813.0,8413.0,7902.0,6402.0,5288.0,4116.0,5093.0,5336.0,5785.0,5792.0,5912.0,5362.0,5155.0,4494.0,3681.0,3378.0,5677.0,7577.0,8296.0,3054.0
Powiat mławski,8711.0,9408.0,9584.0,8434.0,6267.0,4819.0,3679.0,3313.0,4470.0,4213.0,3966.0,4623.0,4831.0,3845.0,3664.0,2753.0,2088.0,1727.0,5662.0,7038.0,7960.0,1718.0
Powiat płoński,9284.0,9835.0,9163.0,8641.0,8233.0,7033.0,6101.0,4510.0,5597.0,5552.0,5808.0,6112.0,6205.0,5618.0,5053.0,4377.0,3619.0,3622.0,6552.0,7040.0,8583.0,3185.0
Powiat pułtuski,4946.0,5257.0,5015.0,4927.0,4595.0,3967.0,3126.0,2564.0,3645.0,3978.0,4435.0,4861.0,4915.0,4594.0,4122.0,3759.0,2708.0,2555.0,3138.0,4173.0,4458.0,2457.0
Powiat żuromiński,4523.0,4983.0,4999.0,4934.0,4576.0,3861.0,3431.0,3160.0,3773.0,3599.0,3909.0,4057.0,4127.0,3662.0,3349.0,2898.0,2537.0,2480.0,3570.0,3859.0,4328.0,2404.0
Powiat makowski,5173.0,5386.0,5390.0,5333.0,5180.0,4763.0,4217.0,3688.0,4313.0,3820.0,4662.0,4879.0,4904.0,4342.0,3848.0,3615.0,3463.0,3019.0,3524.0,4282.0,4738.0,2848.0
Powiat ostrołęcki,8491.0,8732.0,8785.0,8431.0,7965.0,7203.0,6143.0,3990.0,4972.0,5496.0,5790.0,6084.0,6158.0,5628.0,4998.0,4695.0,3842.0,3322.0,12169.0,11662.0,7607.0,2999.0
Powiat ostrowski,6437.0,6740.0,6566.0,6356.0,6254.0,5360.0,4573.0,4118.0,4829.0,4774.0,4948.0,5303.0,5157.0,4230.0,3676.0,3413.0,2836.0,2478.0,4173.0,5217.0,5659.0,2354.0
Powiat przasnyski,5345.0,5590.0,5198.0,5005.0,4447.0,3636.0,3064.0,2540.0,3287.0,3157.0,3398.0,3554.0,3797.0,3346.0,2950.0,2576.0,2067.0,2027.0,3810.0,4426.0,5008.0,1781.0
Powiat wyszkowski,7853.0,8066.0,8016.0,7765.0,7281.0,5467.0,4109.0,3410.0,4485.0,4598.0,4350.0,4421.0,4221.0,3172.0,2489.0,2103.0,1617.0,1327.0,4066.0,5336.0,6562.0,1022.0
Powiat m.Ostrołęka,5803.0,6150.0,6198.0,5876.0,5400.0,4843.0,3951.0,3243.0,3670.0,3909.0,3967.0,4007.0,4067.0,3748.0,3311.0,3181.0,2635.0,2302.0,,,5134.0,2072.0
Powiat białobrzeski,3182.0,3126.0,3063.0,2914.0,3090.0,2733.0,1975.0,1814.0,1928.0,1998.0,2142.0,2358.0,2111.0,1806.0,1512.0,1419.0,1139.0,1079.0,2185.0,2695.0,2841.0,1066.0
Powiat kozienicki,5922.0,6151.0,5673.0,5312.0,5436.0,4983.0,4047.0,3683.0,4389.0,4575.0,4767.0,4937.0,4974.0,4218.0,3493.0,3172.0,2763.0,2634.0,4088.0,5036.0,5714.0,2372.0
Powiat lipski,4219.0,4037.0,3910.0,3625.0,3482.0,3072.0,2636.0,2330.0,2566.0,2571.0,2580.0,2835.0,2796.0,2527.0,2264.0,2083.0,1809.0,1597.0,3493.0,3969.0,4039.0,1588.0
Powiat przysuski,6924.0,6955.0,6803.0,6365.0,6130.0,5863.0,5213.0,4686.0,5196.0,5339.0,5408.0,5646.0,5594.0,4882.0,4716.0,4294.0,3746.0,3515.0,4754.0,5586.0,6172.0,3391.0
Powiat radomski,19705.0,19924.0,19982.0,20179.0,19462.0,17608.0,15304.0,14491.0,16440.0,16858.0,16227.0,17071.0,16983.0,14834.0,13624.0,11919.0,10046.0,9489.0,29504.0,36979.0,17157.0,8901.0
Powiat szydłowiecki,6988.0,7037.0,6891.0,6623.0,6481.0,5709.0,5136.0,4686.0,5530.0,5521.0,5846.0,5941.0,6183.0,5219.0,4617.0,4248.0,3766.0,3541.0,5307.0,6332.0,6678.0,3328.0
Powiat zwoleński,3948.0,4014.0,3892.0,3643.0,3759.0,3180.0,2782.0,2397.0,2952.0,3173.0,3098.0,3383.0,3566.0,3185.0,2892.0,2279.0,1728.0,1588.0,3051.0,3509.0,3740.0,1428.0
Powiat m.Radom,26692.0,27883.0,27737.0,26676.0,26582.0,23887.0,19963.0,17880.0,19959.0,21442.0,20020.0,21112.0,21129.0,18553.0,16845.0,14708.0,12131.0,11123.0,,,23508.0,10264.0
Powiat gostyniński,6083.0,6220.0,6219.0,6118.0,5879.0,4890.0,4002.0,3251.0,3693.0,3886.0,3808.0,4337.0,4456.0,3976.0,3346.0,3295.0,2875.0,2524.0,3792.0,4673.0,5370.0,2020.0
Powiat płocki,11477.0,12326.0,12614.0,11756.0,11492.0,9928.0,8031.0,5860.0,7070.0,7241.0,7506.0,7767.0,8198.0,7306.0,6343.0,5663.0,4817.0,4338.0,15273.0,18727.0,10161.0,3784.0
Powiat sierpecki,5989.0,5902.0,5886.0,5502.0,5256.0,4780.0,3927.0,3183.0,3685.0,3921.0,4353.0,4735.0,4678.0,4278.0,3812.0,3669.0,3252.0,3106.0,3994.0,4872.0,5482.0,2786.0
Powiat m.Płock,12890.0,14064.0,13981.0,13152.0,12824.0,10215.0,8401.0,6412.0,7078.0,7207.0,7698.0,8258.0,8338.0,7541.0,6383.0,5314.0,4506.0,4269.0,,,11261.0,3823.0
Powiat garwoliński,7573.0,7611.0,7716.0,7487.0,7251.0,6854.0,5060.0,4773.0,5570.0,4963.0,5077.0,5965.0,6429.0,6025.0,5567.0,4809.0,4240.0,3902.0,4545.0,6037.0,6551.0,3592.0
Powiat łosicki,2556.0,2635.0,2527.0,2399.0,2392.0,2083.0,1750.0,1614.0,1882.0,1689.0,1864.0,1950.0,1907.0,1810.0,1611.0,1308.0,992.0,879.0,1846.0,2014.0,2252.0,665.0
Powiat siedlecki,5755.0,5603.0,5385.0,5122.0,4912.0,3899.0,2764.0,2281.0,2762.0,3143.0,3111.0,3539.0,3897.0,3083.0,2723.0,2315.0,1955.0,1729.0,7667.0,9771.0,5438.0,1347.0
Powiat sokołowski,3847.0,3818.0,3693.0,3615.0,3557.0,2881.0,2144.0,1808.0,2046.0,2360.0,2518.0,2780.0,2900.0,2662.0,2251.0,1935.0,1543.0,1326.0,2459.0,3304.0,3706.0,1282.0
Powiat węgrowski,6116.0,5772.0,5716.0,5619.0,5449.0,4594.0,3762.0,3798.0,4201.0,3877.0,3653.0,4053.0,4088.0,3572.0,2894.0,2498.0,1824.0,1624.0,3221.0,4284.0,4954.0,1450.0
Powiat m.Siedlce,6093.0,5996.0,5621.0,5369.0,5195.0,4546.0,3323.0,2994.0,3402.0,3605.0,3763.0,4201.0,4282.0,3314.0,2770.0,2459.0,1983.0,1802.0,,,5436.0,1443.0
Powiat grójecki,5087.0,5323.0,4271.0,4156.0,3741.0,3249.0,2625.0,2496.0,3263.0,3331.0,3430.0,3754.0,3541.0,2699.0,1986.0,1495.0,1091.0,953.0,3041.0,3801.0,4297.0,907.0
Powiat sochaczewski,5784.0,5636.0,5666.0,4983.0,4469.0,4113.0,3301.0,2241.0,3404.0,3375.0,3684.0,3965.0,4031.0,3709.0,3026.0,2864.0,2384.0,2084.0,3253.0,4330.0,4960.0,1624.0
Powiat żyrardowski,4689.0,4996.0,4925.0,4851.0,4247.0,3353.0,2944.0,2516.0,3358.0,3583.0,3626.0,4046.0,4419.0,4168.0,3724.0,3499.0,2945.0,2765.0,2133.0,3258.0,3957.0,2574.0
