,PiS,Komitet Wyborczy Polska Jest Najważniejsza,SLD,Ruch Palikota/Twój Ruch,PSL,Komitet Wyborczy Polska Partia Pracy - Sierpień 80,PO,Komitet Wyborczy Nasz Dom Polska-Samoobrona Andrzeja Leppera,Komitet Wyborczy Nowa Prawica - Janusza Korwin-Mikke,Komitet Wyborczy Prawica,Komitet Wyborczy Wyborców Mniejszość Niemiecka
Polska,4295016,315393,1184303,1439490,1201628,79147,5629773,9733.0,151837.0,35169.0,28014.0
ostrowski,82114,5836,40250,34367,43278,1833,125596,,5525.0,,
Kalisz,82114,5836,40250,34367,43278,1833,125596,,5525.0,,
pleszewski,82114,5836,40250,34367,43278,1833,125596,,5525.0,,
jarociński,82114,5836,40250,34367,43278,1833,125596,,5525.0,,
gostyński,82114,5836,40250,34367,43278,1833,125596,,5525.0,,
kościański,82114,5836,40250,34367,43278,1833,125596,,5525.0,,
krotoszyński,82114,5836,40250,34367,43278,1833,125596,,5525.0,,
kępiński,82114,5836,40250,34367,43278,1833,125596,,5525.0,,
rawicki,82114,5836,40250,34367,43278,1833,125596,,5525.0,,
Leszno,82114,5836,40250,34367,43278,1833,125596,,5525.0,,
kaliski,82114,5836,40250,34367,43278,1833,125596,,5525.0,,
leszczyński,82114,5836,40250,34367,43278,1833,125596,,5525.0,,
ostrzeszowski,82114,5836,40250,34367,43278,1833,125596,,5525.0,,
białobrzeski,103798,4575,19828,22056,36488,1515,67349,,,2926.0,
Radom,103798,4575,19828,22056,36488,1515,67349,,,2926.0,
zwoleński,103798,4575,19828,22056,36488,1515,67349,,,2926.0,
lipski,103798,4575,19828,22056,36488,1515,67349,,,2926.0,
kozienicki,103798,4575,19828,22056,36488,1515,67349,,,2926.0,
przysuski,103798,4575,19828,22056,36488,1515,67349,,,2926.0,
grójecki,103798,4575,19828,22056,36488,1515,67349,,,2926.0,
radomski,103798,4575,19828,22056,36488,1515,67349,,,2926.0,
szydłowiecki,103798,4575,19828,22056,36488,1515,67349,,,2926.0,
słupski,113647,12423,36190,43264,25485,2574,220245,,,,
Gdynia,113647,12423,36190,43264,25485,2574,220245,,,,
kościerski,113647,12423,36190,43264,25485,2574,220245,,,,
wejherowski,113647,12423,36190,43264,25485,2574,220245,,,,
Słupsk,113647,12423,36190,43264,25485,2574,220245,,,,
lęborski,113647,12423,36190,43264,25485,2574,220245,,,,
człuchowski,113647,12423,36190,43264,25485,2574,220245,,,,
bytowski,113647,12423,36190,43264,25485,2574,220245,,,,
pucki,113647,12423,36190,43264,25485,2574,220245,,,,
kartuski,113647,12423,36190,43264,25485,2574,220245,,,,
chojnicki,113647,12423,36190,43264,25485,2574,220245,,,,
kłodzki,54271,4226,20177,28853,13832,1797,102368,,,,
wałbrzyski,54271,4226,20177,28853,13832,1797,102368,,,,
ząbkowicki,54271,4226,20177,28853,13832,1797,102368,,,,
świdnicki,54271,4226,20177,28853,13832,1797,102368,,,,
dzierżoniowski,54271,4226,20177,28853,13832,1797,102368,,,,
oświęcimski,91220,7055,16438,21137,14074,1463,85670,,,2312.0,
myślenicki,91220,7055,16438,21137,14074,1463,85670,,,2312.0,
wadowicki,91220,7055,16438,21137,14074,1463,85670,,,2312.0,
chrzanowski,91220,7055,16438,21137,14074,1463,85670,,,2312.0,
Suski,91220,7055,16438,21137,14074,1463,85670,,,2312.0,
lubański,95277,6349,45825,39899,17985,2150,136683,,,,
Legnica,95277,6349,45825,39899,17985,2150,136683,,,,
złotoryjski,95277,6349,45825,39899,17985,2150,136683,,,,
głogowski,95277,6349,45825,39899,17985,2150,136683,,,,
bolesławiecki,95277,6349,45825,39899,17985,2150,136683,,,,
zgorzelecki,95277,6349,45825,39899,17985,2150,136683,,,,
legnicki,95277,6349,45825,39899,17985,2150,136683,,,,
jeleniogórski,95277,6349,45825,39899,17985,2150,136683,,,,
lwówecki,95277,6349,45825,39899,17985,2150,136683,,,,
jaworski,95277,6349,45825,39899,17985,2150,136683,,,,
lubiński,95277,6349,45825,39899,17985,2150,136683,,,,
kamiennogórski,95277,6349,45825,39899,17985,2150,136683,,,,
Jelenia Góra,95277,6349,45825,39899,17985,2150,136683,,,,
polkowicki,95277,6349,45825,39899,17985,2150,136683,,,,
Bytom,65724,6527,21932,30320,14028,2385,140272,,,,
Gliwice,65724,6527,21932,30320,14028,2385,140272,,,,
Zabrze,65724,6527,21932,30320,14028,2385,140272,,,,
tarnogórski,65724,6527,21932,30320,14028,2385,140272,,,,
gliwicki,65724,6527,21932,30320,14028,2385,140272,,,,
Chorzów,98737,15614,25704,43884,11237,3442,195018,,9079.0,,
Katowice,98737,15614,25704,43884,11237,3442,195018,,9079.0,,
Piekary Śląskie,98737,15614,25704,43884,11237,3442,195018,,9079.0,,
Ruda Śląska,98737,15614,25704,43884,11237,3442,195018,,9079.0,,
Siemianowice Śląskie,98737,15614,25704,43884,11237,3442,195018,,9079.0,,
bieruńsko-lędziński,98737,15614,25704,43884,11237,3442,195018,,9079.0,,
Mysłowice,98737,15614,25704,43884,11237,3442,195018,,9079.0,,
Świętochłowice,98737,15614,25704,43884,11237,3442,195018,,9079.0,,
Tychy,98737,15614,25704,43884,11237,3442,195018,,9079.0,,
rawski,103472,4956,23988,23010,34789,1801,66889,,,2230.0,
Skierniewice,103472,4956,23988,23010,34789,1801,66889,,,2230.0,
tomaszowski,103472,4956,23988,23010,34789,1801,66889,,,2230.0,
piotrkowski,103472,4956,23988,23010,34789,1801,66889,,,2230.0,
skierniewicki,103472,4956,23988,23010,34789,1801,66889,,,2230.0,
radomszczański,103472,4956,23988,23010,34789,1801,66889,,,2230.0,
bełchatowski,103472,4956,23988,23010,34789,1801,66889,,,2230.0,
opoczyński,103472,4956,23988,23010,34789,1801,66889,,,2230.0,
Piotrków Trybunalski,103472,4956,23988,23010,34789,1801,66889,,,2230.0,
zgierski,109205,5866,29933,35623,42671,1924,106601,1388.0,5713.0,976.0,
sieradzki,109205,5866,29933,35623,42671,1924,106601,1388.0,5713.0,976.0,
poddębicki,109205,5866,29933,35623,42671,1924,106601,1388.0,5713.0,976.0,
łaski,109205,5866,29933,35623,42671,1924,106601,1388.0,5713.0,976.0,
zduńskowolski,109205,5866,29933,35623,42671,1924,106601,1388.0,5713.0,976.0,
pabianicki,109205,5866,29933,35623,42671,1924,106601,1388.0,5713.0,976.0,
wieruszowski,109205,5866,29933,35623,42671,1924,106601,1388.0,5713.0,976.0,
łowicki,109205,5866,29933,35623,42671,1924,106601,1388.0,5713.0,976.0,
pajęczański,109205,5866,29933,35623,42671,1924,106601,1388.0,5713.0,976.0,
wieluński,109205,5866,29933,35623,42671,1924,106601,1388.0,5713.0,976.0,
łęczycki,109205,5866,29933,35623,42671,1924,106601,1388.0,5713.0,976.0,
kutnowski,109205,5866,29933,35623,42671,1924,106601,1388.0,5713.0,976.0,
Grudziądz,91049,5887,35253,37741,33443,2178,140681,,5433.0,,
toruński,91049,5887,35253,37741,33443,2178,140681,,5433.0,,
chełmiński,91049,5887,35253,37741,33443,2178,140681,,5433.0,,
golubsko-dobrzyński,91049,5887,35253,37741,33443,2178,140681,,5433.0,,
brodnicki,91049,5887,35253,37741,33443,2178,140681,,5433.0,,
Toruń,91049,5887,35253,37741,33443,2178,140681,,5433.0,,
włocławski,91049,5887,35253,37741,33443,2178,140681,,5433.0,,
radziejowski,91049,5887,35253,37741,33443,2178,140681,,5433.0,,
aleksandrowski,91049,5887,35253,37741,33443,2178,140681,,5433.0,,
Włocławek,91049,5887,35253,37741,33443,2178,140681,,5433.0,,
grudziądzki,91049,5887,35253,37741,33443,2178,140681,,5433.0,,
lipnowski,91049,5887,35253,37741,33443,2178,140681,,5433.0,,
wąbrzeski,91049,5887,35253,37741,33443,2178,140681,,5433.0,,
rypiński,91049,5887,35253,37741,33443,2178,140681,,5433.0,,
brzeski,65739,7121,24723,30919,18816,1726,140641,,,1967.0,28014.0
głubczycki,65739,7121,24723,30919,18816,1726,140641,,,1967.0,28014.0
kluczborski,65739,7121,24723,30919,18816,1726,140641,,,1967.0,28014.0
Opole,65739,7121,24723,30919,18816,1726,140641,,,1967.0,28014.0
namysłowski,65739,7121,24723,30919,18816,1726,140641,,,1967.0,28014.0
krapkowicki,65739,7121,24723,30919,18816,1726,140641,,,1967.0,28014.0
prudnicki,65739,7121,24723,30919,18816,1726,140641,,,1967.0,28014.0
opolski,65739,7121,24723,30919,18816,1726,140641,,,1967.0,28014.0
oleski,65739,7121,24723,30919,18816,1726,140641,,,1967.0,28014.0
strzelecki,65739,7121,24723,30919,18816,1726,140641,,,1967.0,28014.0
kędzierzyńsko-kozielski,65739,7121,24723,30919,18816,1726,140641,,,1967.0,28014.0
nyski,65739,7121,24723,30919,18816,1726,140641,,,1967.0,28014.0
limanowski,143543,6041,11750,13022,19387,1001,77809,,4963.0,1330.0,
Nowy Sącz,143543,6041,11750,13022,19387,1001,77809,,4963.0,1330.0,
tatrzański,143543,6041,11750,13022,19387,1001,77809,,4963.0,1330.0,
nowotarski,143543,6041,11750,13022,19387,1001,77809,,4963.0,1330.0,
nowosądecki,143543,6041,11750,13022,19387,1001,77809,,4963.0,1330.0,
gorlicki,143543,6041,11750,13022,19387,1001,77809,,4963.0,1330.0,
Zagranica,277577,30964,78020,110589,17755,4060,498599,,,,
Warszawa,277577,30964,78020,110589,17755,4060,498599,,,,
bydgoski,80632,6929,38001,44447,30509,2259,158938,,5909.0,,
żniński,80632,6929,38001,44447,30509,2259,158938,,5909.0,,
Bydgoszcz,80632,6929,38001,44447,30509,2259,158938,,5909.0,,
tucholski,80632,6929,38001,44447,30509,2259,158938,,5909.0,,
mogileński,80632,6929,38001,44447,30509,2259,158938,,5909.0,,
sępoleński,80632,6929,38001,44447,30509,2259,158938,,5909.0,,
inowrocławski,80632,6929,38001,44447,30509,2259,158938,,5909.0,,
świecki,80632,6929,38001,44447,30509,2259,158938,,5909.0,,
nakielski,80632,6929,38001,44447,30509,2259,158938,,5909.0,,
Przemyśl,133320,4487,18407,21044,37702,1018,75403,981.0,4202.0,1466.0,
przeworski,133320,4487,18407,21044,37702,1018,75403,981.0,4202.0,1466.0,
bieszczadzki,133320,4487,18407,21044,37702,1018,75403,981.0,4202.0,1466.0,
lubaczowski,133320,4487,18407,21044,37702,1018,75403,981.0,4202.0,1466.0,
Krosno,133320,4487,18407,21044,37702,1018,75403,981.0,4202.0,1466.0,
jarosławski,133320,4487,18407,21044,37702,1018,75403,981.0,4202.0,1466.0,
jasielski,133320,4487,18407,21044,37702,1018,75403,981.0,4202.0,1466.0,
sanocki,133320,4487,18407,21044,37702,1018,75403,981.0,4202.0,1466.0,
krośnieński,133320,4487,18407,21044,37702,1018,75403,981.0,4202.0,1466.0,
leski,133320,4487,18407,21044,37702,1018,75403,981.0,4202.0,1466.0,
przemyski,133320,4487,18407,21044,37702,1018,75403,981.0,4202.0,1466.0,
brzozowski,133320,4487,18407,21044,37702,1018,75403,981.0,4202.0,1466.0,
płocki,93307,6740,20798,23175,51766,2101,78623,,,,
ciechanowski,93307,6740,20798,23175,51766,2101,78623,,,,
żyrardowski,93307,6740,20798,23175,51766,2101,78623,,,,
przasnyski,93307,6740,20798,23175,51766,2101,78623,,,,
sierpecki,93307,6740,20798,23175,51766,2101,78623,,,,
sochaczewski,93307,6740,20798,23175,51766,2101,78623,,,,
Płock,93307,6740,20798,23175,51766,2101,78623,,,,
żuromiński,93307,6740,20798,23175,51766,2101,78623,,,,
płoński,93307,6740,20798,23175,51766,2101,78623,,,,
mławski,93307,6740,20798,23175,51766,2101,78623,,,,
gostyniński,93307,6740,20798,23175,51766,2101,78623,,,,
cieszyński,98152,6822,19881,29338,21143,1913,131471,,,2735.0,
bielski,98152,6822,19881,29338,21143,1913,131471,,,2735.0,
Bielsko-Biała,98152,6822,19881,29338,21143,1913,131471,,,2735.0,
pszczyński,98152,6822,19881,29338,21143,1913,131471,,,2735.0,
żywiecki,98152,6822,19881,29338,21143,1913,131471,,,2735.0,
buski,138039,6982,42096,38331,85590,2528,109916,1262.0,6754.0,1406.0,
sandomierski,138039,6982,42096,38331,85590,2528,109916,1262.0,6754.0,1406.0,
jędrzejowski,138039,6982,42096,38331,85590,2528,109916,1262.0,6754.0,1406.0,
skarżyski,138039,6982,42096,38331,85590,2528,109916,1262.0,6754.0,1406.0,
staszowski,138039,6982,42096,38331,85590,2528,109916,1262.0,6754.0,1406.0,
włoszczowski,138039,6982,42096,38331,85590,2528,109916,1262.0,6754.0,1406.0,
konecki,138039,6982,42096,38331,85590,2528,109916,1262.0,6754.0,1406.0,
starachowicki,138039,6982,42096,38331,85590,2528,109916,1262.0,6754.0,1406.0,
Kielce,138039,6982,42096,38331,85590,2528,109916,1262.0,6754.0,1406.0,
ostrowiecki,138039,6982,42096,38331,85590,2528,109916,1262.0,6754.0,1406.0,
opatowski,138039,6982,42096,38331,85590,2528,109916,1262.0,6754.0,1406.0,
kazimierski,138039,6982,42096,38331,85590,2528,109916,1262.0,6754.0,1406.0,
pińczowski,138039,6982,42096,38331,85590,2528,109916,1262.0,6754.0,1406.0,
kielecki,138039,6982,42096,38331,85590,2528,109916,1262.0,6754.0,1406.0,
kołobrzeski,45558,3641,24474,26582,13756,1516,99506,,,,
białogardzki,45558,3641,24474,26582,13756,1516,99506,,,,
szczecinecki,45558,3641,24474,26582,13756,1516,99506,,,,
koszaliński,45558,3641,24474,26582,13756,1516,99506,,,,
świdwiński,45558,3641,24474,26582,13756,1516,99506,,,,
choszczeński,45558,3641,24474,26582,13756,1516,99506,,,,
wałecki,45558,3641,24474,26582,13756,1516,99506,,,,
drawski,45558,3641,24474,26582,13756,1516,99506,,,,
Koszalin,45558,3641,24474,26582,13756,1516,99506,,,,
sławieński,45558,3641,24474,26582,13756,1516,99506,,,,
lubartowski,177543,11924,29799,54139,57606,2294,116252,,8779.0,1819.0,
janowski,177543,11924,29799,54139,57606,2294,116252,,8779.0,1819.0,
lubelski,177543,11924,29799,54139,57606,2294,116252,,8779.0,1819.0,
łukowski,177543,11924,29799,54139,57606,2294,116252,,8779.0,1819.0,
świdnicki,177543,11924,29799,54139,57606,2294,116252,,8779.0,1819.0,
opolski,177543,11924,29799,54139,57606,2294,116252,,8779.0,1819.0,
Lublin,177543,11924,29799,54139,57606,2294,116252,,8779.0,1819.0,
kraśnicki,177543,11924,29799,54139,57606,2294,116252,,8779.0,1819.0,
rycki,177543,11924,29799,54139,57606,2294,116252,,8779.0,1819.0,
puławski,177543,11924,29799,54139,57606,2294,116252,,8779.0,1819.0,
łęczyński,177543,11924,29799,54139,57606,2294,116252,,8779.0,1819.0,
świebodziński,72302,5293,34300,38958,25575,1720,148970,,5538.0,,
sulęciński,72302,5293,34300,38958,25575,1720,148970,,5538.0,,
strzelecko-drezdenecki,72302,5293,34300,38958,25575,1720,148970,,5538.0,,
Gorzów Wielkopolski,72302,5293,34300,38958,25575,1720,148970,,5538.0,,
zielonogórski,72302,5293,34300,38958,25575,1720,148970,,5538.0,,
gorzowski,72302,5293,34300,38958,25575,1720,148970,,5538.0,,
międzyrzecki,72302,5293,34300,38958,25575,1720,148970,,5538.0,,
słubicki,72302,5293,34300,38958,25575,1720,148970,,5538.0,,
wschowski,72302,5293,34300,38958,25575,1720,148970,,5538.0,,
żagański,72302,5293,34300,38958,25575,1720,148970,,5538.0,,
żarski,72302,5293,34300,38958,25575,1720,148970,,5538.0,,
krośnieński,72302,5293,34300,38958,25575,1720,148970,,5538.0,,
nowosolski,72302,5293,34300,38958,25575,1720,148970,,5538.0,,
Zielona Góra,72302,5293,34300,38958,25575,1720,148970,,5538.0,,
nowodworski,145893,12151,23739,38482,32064,2085,182123,,11673.0,1674.0,
wołomiński,145893,12151,23739,38482,32064,2085,182123,,11673.0,1674.0,
warszawski zachodni,145893,12151,23739,38482,32064,2085,182123,,11673.0,1674.0,
grodziski,145893,12151,23739,38482,32064,2085,182123,,11673.0,1674.0,
legionowski,145893,12151,23739,38482,32064,2085,182123,,11673.0,1674.0,
piaseczyński,145893,12151,23739,38482,32064,2085,182123,,11673.0,1674.0,
pruszkowski,145893,12151,23739,38482,32064,2085,182123,,11673.0,1674.0,
otwocki,145893,12151,23739,38482,32064,2085,182123,,11673.0,1674.0,
poznański,76772,8387,33764,46750,11960,2010,220354,,,,
Poznań,76772,8387,33764,46750,11960,2010,220354,,,,
bialski,124084,6892,24513,38296,57882,1787,63005,1470.0,,,
Zamość,124084,6892,24513,38296,57882,1787,63005,1470.0,,,
krasnostawski,124084,6892,24513,38296,57882,1787,63005,1470.0,,,
włodawski,124084,6892,24513,38296,57882,1787,63005,1470.0,,,
radzyński,124084,6892,24513,38296,57882,1787,63005,1470.0,,,
tomaszowski,124084,6892,24513,38296,57882,1787,63005,1470.0,,,
parczewski,124084,6892,24513,38296,57882,1787,63005,1470.0,,,
Biała Podlaska,124084,6892,24513,38296,57882,1787,63005,1470.0,,,
biłgorajski,124084,6892,24513,38296,57882,1787,63005,1470.0,,,
Chełm,124084,6892,24513,38296,57882,1787,63005,1470.0,,,
hrubieszowski,124084,6892,24513,38296,57882,1787,63005,1470.0,,,
chełmski,124084,6892,24513,38296,57882,1787,63005,1470.0,,,
zamojski,124084,6892,24513,38296,57882,1787,63005,1470.0,,,
Łódź,90558,5865,35069,39204,9750,1703,171750,590.0,7774.0,,
brzeziński,90558,5865,35069,39204,9750,1703,171750,590.0,7774.0,,
łódzki wschodni,90558,5865,35069,39204,9750,1703,171750,590.0,7774.0,,
śremski,71795,4751,34289,29236,33590,1242,80857,,5117.0,1043.0,
koniński,71795,4751,34289,29236,33590,1242,80857,,5117.0,1043.0,
średzki,71795,4751,34289,29236,33590,1242,80857,,5117.0,1043.0,
turecki,71795,4751,34289,29236,33590,1242,80857,,5117.0,1043.0,
gnieźnieński,71795,4751,34289,29236,33590,1242,80857,,5117.0,1043.0,
Konin,71795,4751,34289,29236,33590,1242,80857,,5117.0,1043.0,
kolski,71795,4751,34289,29236,33590,1242,80857,,5117.0,1043.0,
wrzesiński,71795,4751,34289,29236,33590,1242,80857,,5117.0,1043.0,
słupecki,71795,4751,34289,29236,33590,1242,80857,,5117.0,1043.0,
lubliniecki,61429,4795,23547,30049,19688,1875,78500,,4614.0,,
kłobucki,61429,4795,23547,30049,19688,1875,78500,,4614.0,,
myszkowski,61429,4795,23547,30049,19688,1875,78500,,4614.0,,
częstochowski,61429,4795,23547,30049,19688,1875,78500,,4614.0,,
Częstochowa,61429,4795,23547,30049,19688,1875,78500,,4614.0,,
krakowski,156800,10749,27504,45079,22574,2194,224915,,16765.0,,
miechowski ,156800,10749,27504,45079,22574,2194,224915,,16765.0,,
Kraków,156800,10749,27504,45079,22574,2194,224915,,16765.0,,
olkuski,156800,10749,27504,45079,22574,2194,224915,,16765.0,,
będziński,59453,5856,36460,41504,12281,2185,120530,,,2051.0,
Jaworzno,59453,5856,36460,41504,12281,2185,120530,,,2051.0,
Dąbrowa Górnicza,59453,5856,36460,41504,12281,2185,120530,,,2051.0,
zawierciański,59453,5856,36460,41504,12281,2185,120530,,,2051.0,
Sosnowiec,59453,5856,36460,41504,12281,2185,120530,,,2051.0,
nowotomyski,50023,5440,29638,28633,31192,1801,113226,,,,
złotowski,50023,5440,29638,28633,31192,1801,113226,,,,
międzychodzki,50023,5440,29638,28633,31192,1801,113226,,,,
grodziski,50023,5440,29638,28633,31192,1801,113226,,,,
chodzieski,50023,5440,29638,28633,31192,1801,113226,,,,
pilski,50023,5440,29638,28633,31192,1801,113226,,,,
wągrowiecki,50023,5440,29638,28633,31192,1801,113226,,,,
obornicki,50023,5440,29638,28633,31192,1801,113226,,,,
szamotulski,50023,5440,29638,28633,31192,1801,113226,,,,
wolsztyński,50023,5440,29638,28633,31192,1801,113226,,,,
czarnkowsko-trzcianecki,50023,5440,29638,28633,31192,1801,113226,,,,
nowodworski,102131,8584,25542,37615,19313,2009,219106,1026.0,,,
kwidzyński,102131,8584,25542,37615,19313,2009,219106,1026.0,,,
malborski,102131,8584,25542,37615,19313,2009,219106,1026.0,,,
Sopot,102131,8584,25542,37615,19313,2009,219106,1026.0,,,
gdański,102131,8584,25542,37615,19313,2009,219106,1026.0,,,
starogardzki,102131,8584,25542,37615,19313,2009,219106,1026.0,,,
Gdańsk,102131,8584,25542,37615,19313,2009,219106,1026.0,,,
tczewski,102131,8584,25542,37615,19313,2009,219106,1026.0,,,
sztumski,102131,8584,25542,37615,19313,2009,219106,1026.0,,,
strzyżowski,219629,8393,25649,30718,47832,1541,111871,848.0,8555.0,2285.0,
rzeszowski,219629,8393,25649,30718,47832,1541,111871,848.0,8555.0,2285.0,
dębicki,219629,8393,25649,30718,47832,1541,111871,848.0,8555.0,2285.0,
leżajski,219629,8393,25649,30718,47832,1541,111871,848.0,8555.0,2285.0,
mielecki,219629,8393,25649,30718,47832,1541,111871,848.0,8555.0,2285.0,
tarnobrzeski,219629,8393,25649,30718,47832,1541,111871,848.0,8555.0,2285.0,
łańcucki,219629,8393,25649,30718,47832,1541,111871,848.0,8555.0,2285.0,
stalowowolski,219629,8393,25649,30718,47832,1541,111871,848.0,8555.0,2285.0,
ropczycko-sędziszowski,219629,8393,25649,30718,47832,1541,111871,848.0,8555.0,2285.0,
Tarnobrzeg,219629,8393,25649,30718,47832,1541,111871,848.0,8555.0,2285.0,
niżański,219629,8393,25649,30718,47832,1541,111871,848.0,8555.0,2285.0,
Rzeszów,219629,8393,25649,30718,47832,1541,111871,848.0,8555.0,2285.0,
kolbuszowski,219629,8393,25649,30718,47832,1541,111871,848.0,8555.0,2285.0,
działdowski,45403,3430,15091,22659,23870,1340,82904,963.0,,,
braniewski,45403,3430,15091,22659,23870,1340,82904,963.0,,,
bartoszycki,45403,3430,15091,22659,23870,1340,82904,963.0,,,
lidzbarski,45403,3430,15091,22659,23870,1340,82904,963.0,,,
nowomiejski,45403,3430,15091,22659,23870,1340,82904,963.0,,,
Elbląg,45403,3430,15091,22659,23870,1340,82904,963.0,,,
elbląski,45403,3430,15091,22659,23870,1340,82904,963.0,,,
ostródzki,45403,3430,15091,22659,23870,1340,82904,963.0,,,
iławski,45403,3430,15091,22659,23870,1340,82904,963.0,,,
ełcki,59996,5276,23020,29122,30713,1643,108522,,,1740.0,
nidzicki,59996,5276,23020,29122,30713,1643,108522,,,1740.0,
piski,59996,5276,23020,29122,30713,1643,108522,,,1740.0,
szczycieński,59996,5276,23020,29122,30713,1643,108522,,,1740.0,
węgorzewski,59996,5276,23020,29122,30713,1643,108522,,,1740.0,
giżycki,59996,5276,23020,29122,30713,1643,108522,,,1740.0,
olsztyński,59996,5276,23020,29122,30713,1643,108522,,,1740.0,
kętrzyński,59996,5276,23020,29122,30713,1643,108522,,,1740.0,
olecki,59996,5276,23020,29122,30713,1643,108522,,,1740.0,
gołdapski,59996,5276,23020,29122,30713,1643,108522,,,1740.0,
Olsztyn,59996,5276,23020,29122,30713,1643,108522,,,1740.0,
mrągowski,59996,5276,23020,29122,30713,1643,108522,,,1740.0,
brzeski,112982,7909,13863,17017,25833,1201,76688,,,2457.0,
dąbrowski,112982,7909,13863,17017,25833,1201,76688,,,2457.0,
proszowicki,112982,7909,13863,17017,25833,1201,76688,,,2457.0,
wielicki,112982,7909,13863,17017,25833,1201,76688,,,2457.0,
bocheński,112982,7909,13863,17017,25833,1201,76688,,,2457.0,
Tarnów,112982,7909,13863,17017,25833,1201,76688,,,2457.0,
tarnowski,112982,7909,13863,17017,25833,1201,76688,,,2457.0,
kamieński,82529,7062,42165,45111,16545,1815,178124,,6290.0,1379.0,
pyrzycki,82529,7062,42165,45111,16545,1815,178124,,6290.0,1379.0,
myśliborski,82529,7062,42165,45111,16545,1815,178124,,6290.0,1379.0,
stargardzki,82529,7062,42165,45111,16545,1815,178124,,6290.0,1379.0,
gryfiński,82529,7062,42165,45111,16545,1815,178124,,6290.0,1379.0,
goleniowski,82529,7062,42165,45111,16545,1815,178124,,6290.0,1379.0,
policki,82529,7062,42165,45111,16545,1815,178124,,6290.0,1379.0,
Świnoujście,82529,7062,42165,45111,16545,1815,178124,,6290.0,1379.0,
gryficki,82529,7062,42165,45111,16545,1815,178124,,6290.0,1379.0,
łobeski,82529,7062,42165,45111,16545,1815,178124,,6290.0,1379.0,
Szczecin,82529,7062,42165,45111,16545,1815,178124,,6290.0,1379.0,
Jastrzębie-Zdrój,75504,8448,20908,23804,9206,1712,118524,,5100.0,842.0,
rybnicki,75504,8448,20908,23804,9206,1712,118524,,5100.0,842.0,
Żory,75504,8448,20908,23804,9206,1712,118524,,5100.0,842.0,
Rybnik,75504,8448,20908,23804,9206,1712,118524,,5100.0,842.0,
mikołowski,75504,8448,20908,23804,9206,1712,118524,,5100.0,842.0,
raciborski,75504,8448,20908,23804,9206,1712,118524,,5100.0,842.0,
wodzisławski,75504,8448,20908,23804,9206,1712,118524,,5100.0,842.0,
siemiatycki,158572,9616,40603,34397,47338,1669,127224,1205.0,6820.0,1279.0,
Łomża,158572,9616,40603,34397,47338,1669,127224,1205.0,6820.0,1279.0,
sejneński,158572,9616,40603,34397,47338,1669,127224,1205.0,6820.0,1279.0,
wysokomazowiecki,158572,9616,40603,34397,47338,1669,127224,1205.0,6820.0,1279.0,
bielski,158572,9616,40603,34397,47338,1669,127224,1205.0,6820.0,1279.0,
suwalski,158572,9616,40603,34397,47338,1669,127224,1205.0,6820.0,1279.0,
kolneński,158572,9616,40603,34397,47338,1669,127224,1205.0,6820.0,1279.0,
augustowski,158572,9616,40603,34397,47338,1669,127224,1205.0,6820.0,1279.0,
sokólski,158572,9616,40603,34397,47338,1669,127224,1205.0,6820.0,1279.0,
moniecki,158572,9616,40603,34397,47338,1669,127224,1205.0,6820.0,1279.0,
białostocki,158572,9616,40603,34397,47338,1669,127224,1205.0,6820.0,1279.0,
zambrowski,158572,9616,40603,34397,47338,1669,127224,1205.0,6820.0,1279.0,
hajnowski,158572,9616,40603,34397,47338,1669,127224,1205.0,6820.0,1279.0,
łomżyński,158572,9616,40603,34397,47338,1669,127224,1205.0,6820.0,1279.0,
grajewski,158572,9616,40603,34397,47338,1669,127224,1205.0,6820.0,1279.0,
Białystok,158572,9616,40603,34397,47338,1669,127224,1205.0,6820.0,1279.0,
Suwałki,158572,9616,40603,34397,47338,1669,127224,1205.0,6820.0,1279.0,
ostrowski,139926,7435,24418,23490,61136,1917,77181,,5549.0,1252.0,
pułtuski,139926,7435,24418,23490,61136,1917,77181,,5549.0,1252.0,
siedlecki,139926,7435,24418,23490,61136,1917,77181,,5549.0,1252.0,
łosicki,139926,7435,24418,23490,61136,1917,77181,,5549.0,1252.0,
sokołowski,139926,7435,24418,23490,61136,1917,77181,,5549.0,1252.0,
makowski,139926,7435,24418,23490,61136,1917,77181,,5549.0,1252.0,
Ostrołęka,139926,7435,24418,23490,61136,1917,77181,,5549.0,1252.0,
miński,139926,7435,24418,23490,61136,1917,77181,,5549.0,1252.0,
wyszkowski,139926,7435,24418,23490,61136,1917,77181,,5549.0,1252.0,
garwoliński,139926,7435,24418,23490,61136,1917,77181,,5549.0,1252.0,
ostrołęcki,139926,7435,24418,23490,61136,1917,77181,,5549.0,1252.0,
węgrowski,139926,7435,24418,23490,61136,1917,77181,,5549.0,1252.0,
Siedlce,139926,7435,24418,23490,61136,1917,77181,,5549.0,1252.0,
strzeliński,127311,8096,26754,47626,21946,2220,250869,,11685.0,,
oleśnicki,127311,8096,26754,47626,21946,2220,250869,,11685.0,,
oławski,127311,8096,26754,47626,21946,2220,250869,,11685.0,,
średzki,127311,8096,26754,47626,21946,2220,250869,,11685.0,,
trzebnicki,127311,8096,26754,47626,21946,2220,250869,,11685.0,,
wrocławski,127311,8096,26754,47626,21946,2220,250869,,11685.0,,
górowski,127311,8096,26754,47626,21946,2220,250869,,11685.0,,
wołowski,127311,8096,26754,47626,21946,2220,250869,,11685.0,,
milicki,127311,8096,26754,47626,21946,2220,250869,,11685.0,,
Wrocław,127311,8096,26754,47626,21946,2220,250869,,11685.0,,
